﻿<?xml version="1.0" encoding="utf-8" standalone="no" ?>
<modDesc descVersion="69">
    <author>Team LTW</author>
    <version>1.0.0.0</version>
    <title>
        <de>Freiland Silo</de>
        <en>Field Silo</en>
    </title>
    <description>
    <en>
<![CDATA[Placeable field silos with different sizes. The opening length of the silo foil is reduced to 2m.
Standard:
Field silo 8m x 30m (dirt)
Price: 5100€
Daily upkeep: 10€/day

Field silo 8m x 30m (concrete)
Price: 19200€
Daily upkeep: 5€/day

Field silo 12m x 46m (dirt)
Price: 11000€
Daily upkeep: 20€/day

Field silo 12m x 46m (concrete)
Price: 41400€
Daily upkeep: 10€/day

BGA:
Field silo 34m x 30m (dirt)
Price: 21000€
Daily upkeep: 40€/day

Field silo 34m x 30m (concrete)
Price: 76500€
Daily upkeep: 20€/day]]>
</en>
<de>
<![CDATA[Freiland Silos in unterschiedlichen Größen zum Platzieren. Die Öffnungslänge der Silofolie wurde auf 2m reduziert.
Standard:
Freiland Silo 8m x 30m (dirt)
Preis: 5100€
Täglicher Unterhalt: 10€/Tag

Freiland Silo 8m x 30m (concrete)
Preis: 19200€
Täglicher Unterhalt: 5€/Tag

Freiland Silo 12m x 46m (dirt)
Preis: 11000€
Täglicher Unterhalt: 20€/Tag

Freiland Silo 12m x 46m (concrete)
Preis: 41400€
Täglicher Unterhalt: 10€/Tag

BGA:
Freiland Silo 34m x 30m (dirt)
Preis: 21000€
Täglicher Unterhalt: 40€/Tag

Freiland Silo 34m x 30m (concrete)
Preis: 76500€
Täglicher Unterhalt: 20€/Tag]]>
</de>
</description>

    <iconFilename>icon_fieldSilo.png</iconFilename>	
	<multiplayer supported="true" />
	
    <storeItems>
		<!-- dirt -->
		<storeItem xmlFilename="xml/fieldSilo_8x30m_dirt.xml"/>
		<storeItem xmlFilename="xml/fieldSilo_12x46m_dirt.xml"/>
		<storeItem xmlFilename="xml/fieldSilo_34x30m_dirt.xml"/>
		
		<!-- concrete -->
		<storeItem xmlFilename="xml/fieldSilo_8x30m_concrete.xml"/>
		<storeItem xmlFilename="xml/fieldSilo_12x46m_concrete.xml"/>
		<storeItem xmlFilename="xml/fieldSilo_34x30m_concrete.xml"/>
    </storeItems>
	
</modDesc>


