<?xml version="1.0" encoding="utf-8" standalone="no" ?>
<placeable type="windTurbine" xmlns:xsi="http://www.w3.org/2001/XMLSchema-instance" xsi:noNamespaceSchemaLocation="../../../../../shared/xml/schema/placeable.xsd">
    <storeData>
        <name>E-115 EP2 122M</name>
        <functions>
            <function>$l10n_function_powerGenerator</function>
        </functions>
        <image>store_enerconE115_01.png</image>
        <price>2340000</price>
        <dailyUpkeep>234</dailyUpkeep>
        <lifetime>1000</lifetime>
        <rotation>0</rotation>
        <brand>ENERCON</brand>
        <species>placeable</species>
        <category>generators</category>
        <brush>
            <type>placeable</type>
            <category>production</category>
            <tab>generators</tab>
        </brush>
    </storeData>

    <base>
        <filename>enerconE115_01.i3d</filename>
    </base>

    <placement useRandomYRotation="false" useManualYRotation="true">
        <testAreas>
            <testArea startNode="testArea1Start" endNode="testArea1End" />
        </testAreas>

        <sounds>
            <place template="largeImp" />
        </sounds>
    </placement>

    <clearAreas>
        <clearArea startNode="clearArea1Start" widthNode="clearArea1Width" heightNode="clearArea1Height"/>
   </clearAreas>

    <leveling requireLeveling="true" maxSmoothDistance="1" maxSlope="75" maxEdgeAngle="30">
        <levelAreas>
            <levelArea startNode="levelArea1Start" widthNode="levelArea1Width" heightNode="levelArea1Height"/>
        </levelAreas>
    </leveling>

    <indoorAreas />

    <tipOcclusionUpdateAreas>
        <tipOcclusionUpdateArea startNode="tipOcclusionUpdateArea1Start" endNode="tipOcclusionUpdateArea1End" />
    </tipOcclusionUpdateAreas>

    <ai>
        <updateAreas>
            <updateArea startNode="tipOcclusionUpdateArea1Start" endNode="tipOcclusionUpdateArea1End" />
        </updateAreas>
    </ai>

    <incomePerHour>9870</incomePerHour>

    <windTurbine headNode="headNode" headAdjustToWind="true" optimalWindSpeed="15">
        <animationNodes>
            <animationNode node="rotationNode" rotSpeed="60" rotAxis="3" />
        </animationNodes>
        <sounds>
            <idle template="generator05" linkNode="rotationNode" innerRadius="38" outerRadius="60" volumeScale="1">
                <volume indoor="0.1" outdoor="1" >
                  <modifier type="WIND_TURBINE_LOAD" value="0" modifiedValue="0" />
                  <modifier type="WIND_TURBINE_LOAD" value="0.25" modifiedValue="0" />
                  <modifier type="WIND_TURBINE_LOAD" value="0.50" modifiedValue="0.7" />
                  <modifier type="WIND_TURBINE_LOAD" value="1.0" modifiedValue="1" />
                </volume>
                <pitch indoor="1.00" outdoor="1.00" >
                  <modifier type="WIND_TURBINE_LOAD" value="0.0" modifiedValue="0.5" />
                  <modifier type="WIND_TURBINE_LOAD" value="0.5" modifiedValue="0.5" />
                  <modifier type="WIND_TURBINE_LOAD" value="1.0" modifiedValue="1.1" />
                </pitch>
            </idle>
        </sounds>
    </windTurbine>

    <i3dMappings>
        <i3dMapping id="headNode" node="0>0" />
        <i3dMapping id="rotationNode" node="0>0|0|0" />
        <i3dMapping id="clearArea1Start" node="0>1|0" />
        <i3dMapping id="clearArea1Width" node="0>1|0|0" />
        <i3dMapping id="clearArea1Height" node="0>1|0|1" />
        <i3dMapping id="levelArea1Start" node="0>2|0" />
        <i3dMapping id="levelArea1Width" node="0>2|0|0" />
        <i3dMapping id="levelArea1Height" node="0>2|0|1" />
        <i3dMapping id="testArea1Start" node="0>3|0" />
        <i3dMapping id="testArea1End" node="0>3|0|0" />
        <i3dMapping id="tipOcclusionUpdateArea1Start" node="0>4|0" />
        <i3dMapping id="tipOcclusionUpdateArea1End" node="0>4|0|0" />
        <i3dMapping id="windTurbine" node="0>6|1" />
    </i3dMappings>
</placeable>
