<?xml version="1.0" encoding="utf-8" standalone="no" ?>
<modDesc descVersion="64">
	<author>Agrartechnik Nordeifel</author>
	<version>1.0.0.0</version>
    <title>
        <en>Enercon E-115 EP2</en>
    </title>
    <description>
        <en>
            <![CDATA[E-115 EP2 122M

Rated power: 3.200kW
Hub height in meters: 122m
Purchase cost: 2.340.000$
Income per hour: 9.870$
Daily maintenance cost: 234$

E-115 EP2 135M

Rated power: 3.200kW
Hub height in meters: 135m
Purchase cost: 2.530.000$
Income per hour: 10.575$
Daily maintenance cost: 253$

E-115 EP2 149M

Rated power: 3.200kW
Hub height in meters: 149m
Purchase cost: 2.710.000$
Income per hour: 11.280$
Daily maintenance cost: 271$
]]>
        </en>
        <de>
            <![CDATA[E-115 EP2 122M

Nennleistung: 3.200kW
Nabenhöhe in Meter: 122m
Anschaffungskosten: 2.340.000€
Einkommen pro Stunde: 9.870€
Tägliche Wartungskosten: 234€

E-115 EP2 135M

Nennleistung: 3.200kW
Nabenhöhe in Meter: 135m
Anschaffungskosten: 2.530.000€
Einkommen pro Stunde: 10.575€
Tägliche Wartungskosten: 253€

E-115 EP2 149M

Nennleistung: 3.200kW
Nabenhöhe in Meter: 149m
Anschaffungskosten: 2.710.000€
Einkommen pro Stunde: 11.280€
Tägliche Wartungskosten: 271€
]]>
        </de>
        <fr>
            <![CDATA[E-115 EP2 122M

Puissance nominale: 3.200kW
Hauteur du moyeu en mètres: 122m
Coût d’acquisition: 2.340.000€
Revenu horaire: 9.870€
Frais d’entretien journalier: 234€

E-115 EP2 135M

Puissance nominale: 3.200kW
Hauteur du moyeu en mètres: 135m
Coût d’acquisition: 2.530.000€
Revenu horaire: 10.575€
Frais d’entretien par jour: 253€

E-115 EP2 149M

Puissance nominale: 3.200kW
Hauteur du moyeu en mètres: 149m
Coût d’acquisition: 2.710.000€
Revenu horaire: 11.280€
Coût d’entretien quotidien: 271€
]]>
        </fr>
    </description>
    <iconFilename>icon_enerconE115.dds</iconFilename>
    <multiplayer supported="true" />
	
    <brands>
      <brand name="ENERCON" title="Enercon" image="brand_enercon.dds"/>
    </brands>

	<storeItems>
		<storeItem xmlFilename="enerconE115_01.xml"/>
		<storeItem xmlFilename="enerconE115_02.xml"/>
		<storeItem xmlFilename="enerconE115_03.xml"/>
	</storeItems>
</modDesc>