<?xml version="1.0" encoding="utf-8" standalone="no" ?>
<modDesc descVersion="75">
    <author>blauea</author>
    <version>1.0.1.0</version>
    <title>
        <en>New Holland T6 Tier 4A</en>
    </title>
    <description>
<en><![CDATA[New Holland T6 Series (Tier 4A)

-Base Price: 96.000$

-Engine Configurations:
T6.140 AC - 143HP
T6.150 AC - 154HP
T6.160 AC - 163HP

-Tire Configurations:
Trelleborg
Michelin
Continental
Mitas
BKT
Vredestein
Nokian

-Prepared for Precision Farming DLC.

*The left door can be opened/closed by pressing scroll wheel and moving left/right.
*The rear window can be opened/closed by pressing both mouse buttons and moving backwards/forwards.

-Changelog 1.0.1.0
Some visual bugs fixed.
'Basildon 50 Years' Edition added.
Opening/closing sounds added to door and rear window.]]></en>
<de><![CDATA[New Holland T6 Series (Tier 4A)

-Basispreis: 96.000€

-Motorkonfigurationen:
T6.140 AC - 143PS
T6.150 AC - 154PS
T6.160 AC - 163PS

-Reifenkonfigurationen:
Trelleborg
Michelin
Continental
Mitas
BKT
Vredestein
Nokian

-Vorbereitet für das Precision Farming DLC.

*Die linke Tür, kann durch drücken des "Scroll Wheels" und links/rechts Bewegung, geöffnet/geschlossen werden.
*Das Heckfenster, kann durch drücken beider Maustasten und vor/zurück Bewegung, geöffnet/geschlossen werden.

-Changelog 1.0.1.0
Einige visuelle Fehler behoben.
'Basildon 50 Years' Edition hinzugefügt.
Öffnungs- und Schließgeräusch für Tür und Heckfenster hinzugefügt.]]></de>
<fr><![CDATA[New Holland T6 Series (Tier 4A)

-Prix de base: 96.000€

-Configurations de moteurs:
T6.140 AC - 143cv
T6.150 AC - 154cv
T6.160 AC - 163cv

-Configurations des pneus:
Trelleborg
Michelin
Continental
Mitas
BKT
Vredestein
Nokian

-Préparé pour le DLC Precision Farming.

*La porte gauche peut être ouverte/fermée en appuyant sur la molette de défilement et en la déplaçant vers la gauche/droite.
*La lunette arrière peut être ouverte/fermée en appuyant sur les deux boutons de la souris et en se déplaçant vers l'arrière/vers l'avant.

-Changelog 1.0.1.0
Quelques bugs visuels corrigés.
Ajout de l'édition 'Basildon 50 Years'.
Sons d'ouverture/fermeture ajoutés à la porte et à la lunette arrière.]]></fr>
</description>
	<iconFilename>icon_T6.png</iconFilename>
    <multiplayer supported="true" />
    <storeItems>
        <storeItem xmlFilename="T6.xml" />
    </storeItems>
	<l10n>
		<text name="configuration_extraLights"><en>Extra Work Lights</en><de>Zusätzliche Arbeitsscheinwerfer</de><fr>Feux supplémentaires</fr></text>
		<text name="configuration_fenders"><en>Fenders</en><de>Kotflügel</de><fr>Ailes</fr></text>
	</l10n>
</modDesc>
