<?xml version="1.0" encoding="utf-8" standalone="no" ?>
<wheel xmlns:xsi="http://www.w3.org/2001/XMLSchema-instance" xsi:noNamespaceSchemaLocation="../../../../../../shared/xml/schema/wheel.xsd">
    <brand>MICHELIN</brand>
    <name>CROSSGRIP</name>
    <default>
        <physics radius="0.492" width="0.35" mass="0.087" tireType="offRoad" frictionScale="1.60" maxLongStiffness="8" maxLatStiffness="100" maxLatStiffnessLoad="2" />
        <tire filename="shared/wheels/michelinCrossGrip.i3d" nodeLeft="0|0" nodeRight="0|0" maxDeformation="0.054" sideDeformOffset="0.961" isCareWheel="false" tireTrackAtlasIndex="11" />
        <innerRim filename="shared/rims/Rims.i3d" nodeLeft="0|0" nodeRight="0|1" />
    </default>
</wheel>
