﻿<?xml version="1.0" encoding="utf-8" standalone="no"?>
<vehicle type="trailer" xmlns:xsi="http://www.w3.org/2001/XMLSchema-instance" xsi:noNamespaceSchemaLocation="../../../../shared/xml/schema/vehicle.xsd">
    <annotation>Copyright (C) GIANTS Software GmbH, All Rights Reserved.</annotation>
   
    <storeData>
        <name>BB 8</name>
        <functions>
            <function>$l10n_function_tipper</function>
        </functions>
        <image>store_bb8.dds</image>
        <price>11730</price>
        <lifetime>600</lifetime>
        <rotation>0</rotation>
        <brand>BRIMONT</brand>
        <category>trailers</category>
    </storeData>
    <base>
        <typeDesc>$l10n_typeDesc_tipper</typeDesc>
        <filename>bb8.i3d</filename>
        <size width="3.5" length="8.5" lengthOffset="-1.8"/>
        <components>
            <component centerOfMass="0 0 0" solverIterationCount="5" mass="4573"/>
        </components>
        <schemaOverlay name="IMPLEMENT" attacherJointPosition="0 0"/>
    </base>
    <wheels>
        <wheelConfigurations>
            <wheelConfiguration name="$l10n_configuration_valueDefault" price="770" brand="BKT" saveId="BKT_DEFAULT">
                <wheels>
                    <wheel filename="wheels/i1/i1.xml" isLeft="true" hasTireTracks="true" hasParticles="true">
                        <physics tipOcclusionAreaGroupId="1" restLoad="1.3" repr="0>0|2|0" forcePointRatio="0.5" initialCompression="52" suspTravel="0.15" spring="40" damper="50"/>
                    </wheel>
                    <wheel filename="wheels/i1/i1.xml" isLeft="false" hasTireTracks="true" hasParticles="true">
                        <physics tipOcclusionAreaGroupId="2" restLoad="1.3" repr="0>0|2|1" forcePointRatio="0.5" initialCompression="52" suspTravel="0.15" spring="40" damper="50"/>
                    </wheel>
                </wheels>
            </wheelConfiguration>
            <wheelConfiguration name="$l10n_configuration_valueDefault" price="0" brand="LIZARD" saveId="LIZARD_DEFAULT">
                <wheels baseConfig="BKT_DEFAULT">
                    <wheel filename="wheels/y1/385_65R22_5.xml"/>
                    <wheel filename="wheels/y1/385_65R22_5.xml"/>
                </wheels>
            </wheelConfiguration>
            <wheelConfiguration name="$l10n_configuration_valueDefault" price="540" brand="MICHELIN" saveId="MICHELIN_DEFAULT">
                <wheels baseConfig="BKT_DEFAULT">
                    <wheel filename="$data/shared/wheels/tires/michelin/crossgrip/400_80R24.xml"/>
                    <wheel filename="$data/shared/wheels/tires/michelin/crossgrip/400_80R24.xml"/>
                </wheels>
            </wheelConfiguration>
            <wheelConfiguration name="$l10n_configuration_valueDefault" price="910" brand="MICHELIN" saveId="MICHELIN_BROAD">
                <wheels baseConfig="BKT_DEFAULT">
                    <wheel filename="wheels/xs/525_65_R20_5.xml"/>
                    <wheel filename="wheels/xs/525_65_R20_5.xml"/>
                </wheels>
            </wheelConfiguration>
            <wheelConfiguration name="$l10n_configuration_valueDefault" price="540" brand="BKT" saveId="BKT_BROAD">
                <wheels baseConfig="BKT_DEFAULT">
                    <wheel filename="wheels/FL648T/500_60R22_5.xml"/>
                    <wheel filename="wheels/FL648T/500_60R22_5.xml"/>
                </wheels>
            </wheelConfiguration>
            <wheelConfiguration name="$l10n_configuration_valueDefault" price="540" brand="BKT" saveId="BKT_BROAD_1">
                <wheels baseConfig="BKT_DEFAULT">
                    <wheel filename="wheels/FL648T/500_60R22_5.xml">
                        <tire isInverted="true"/>
                    </wheel>
                    <wheel filename="wheels/FL648T/500_60R22_5.xml">
                        <tire isInverted="true"/>
                    </wheel>
                </wheels>
            </wheelConfiguration>
        </wheelConfigurations>
        <hubs>
            <color0 useBaseColor="true" />
            <color1 useBaseColor="true" />
            <hub linkNode="0>0|2|0" filename="$data/shared/wheels/hubs/hub_n10_5.xml" isLeft="true" scale="0.35 0.335 0.335" />
            <hub linkNode="0>0|2|1" filename="$data/shared/wheels/hubs/hub_n10_5.xml" isLeft="false" scale="0.35 0.335 0.335" />
        </hubs>
    </wheels>
    <dynamicallyLoadedParts>
        <dynamicallyLoadedPart node="1|0" linkNode="0>0|0|2|5" filename="$data/shared/connectionHoses/connectors.i3d"/>
        <dynamicallyLoadedPart node="1|1" linkNode="0>0|0|2|15" filename="$data/shared/connectionHoses/connectors.i3d"/>
    </dynamicallyLoadedParts>
    <attachable>
        <inputAttacherJoints>
            <inputAttacherJoint node="0>0|0|0" jointType="trailerLow" attacherHeight="0.5"/>
        </inputAttacherJoints>
        <support animationName="moveSupport"/>
        <brakeForce force="0.5" maxForce="1.4" maxForceMass="8000"/>
        <sounds>
            <attach template="ATTACH_01" linkNode="0>" />
        </sounds>
    </attachable>
    <licensePlates>
        <licensePlate node="0>0|1|3"  position="BACK" preferedType="ELONGATED" placementArea="0.08 0.18 0.3 0.18">
            <objectChange node="0>0|1|3" visibilityActive="true" visibilityInactive="false"/>
        </licensePlate>
    </licensePlates>

    <powerTakeOffs>
        <input inputNode="0>0|0|3" detachNode="0>0|0|4" filename="cardan/cardan.xml" inputAttacherJointIndices="1" />
    </powerTakeOffs>

    <connectionHoses>
        <hose diameter="0.005" inputAttacherJointIndices="1" length="1.2" node="0>0|0|5" straighteningFactor="2" type="electric">
            <objectChange node="0>0|0|2" visibilityActive="false" visibilityInactive="true"/>
        </hose>
        <hose diameter="0.016" inputAttacherJointIndices="1" length="1.2" node="0>0|0|6" straighteningFactor="2" type="hydraulicOut"/>
        <localHose>
            <hose diameter="0.016" isWorldSpaceHose="false" length="0.001" node="0>0|0|2|0" straighteningFactor="0.1" type="CABLE_BOUNDLE"/>
            <target attacherJointIndices="1" node="0>0|0|2|1" straighteningFactor="0.1" type="CABLE_BOUNDLE"/>
        </localHose>
        <localHose>
            <hose diameter="0.016" isWorldSpaceHose="false" length="0.001" node="0>0|0|2|1" straighteningFactor="0.1" type="CABLE_BOUNDLE"/>
            <target attacherJointIndices="1" node="0>0|0|2|2" straighteningFactor="0.1" type="CABLE_BOUNDLE"/>
        </localHose>
        <localHose>
            <hose diameter="0.016" isWorldSpaceHose="false" length="0.001" node="0>0|0|2|2" straighteningFactor="0.1" type="CABLE_BOUNDLE"/>
            <target attacherJointIndices="1" node="0>0|0|2|3" straighteningFactor="0.1" type="CABLE_BOUNDLE"/>
        </localHose>
        <localHose>
            <hose diameter="0.016" isWorldSpaceHose="false" length="0.001" node="0>0|0|2|3" straighteningFactor="0.1" type="CABLE_BOUNDLE"/>
            <target attacherJointIndices="1" node="0>0|0|2|4" straighteningFactor="0.1" type="CABLE_BOUNDLE"/>
        </localHose>
        <localHose>
            <hose diameter="0.016" isWorldSpaceHose="false" length="0.001" node="0>0|0|2|4" straighteningFactor="0.5" type="CABLE_BOUNDLE"/>
            <target attacherJointIndices="1" node="0>0|0|2|5" straighteningFactor="0.1" type="CABLE_BOUNDLE"/>
        </localHose>
        <localHose>
            <hose diameter="0.005" isWorldSpaceHose="false" length="0.001" node="0>0|0|2|6" straighteningFactor="0.1" type="CABLE_BOUNDLE"/>
            <target attacherJointIndices="1" node="0>0|0|2|7" straighteningFactor="0.1" type="CABLE_BOUNDLE"/>
        </localHose>
        <localHose>
            <hose diameter="0.005" isWorldSpaceHose="false" length="0.001" node="0>0|0|2|7" straighteningFactor="0.1" type="CABLE_BOUNDLE"/>
            <target attacherJointIndices="1" node="0>0|0|2|8" straighteningFactor="0.1" type="CABLE_BOUNDLE"/>
        </localHose>
        <localHose>
            <hose diameter="0.005" isWorldSpaceHose="false" length="0.001" node="0>0|0|2|8" straighteningFactor="0.1" type="CABLE_BOUNDLE"/>
            <target attacherJointIndices="1" node="0>0|0|2|9" straighteningFactor="0.1" type="CABLE_BOUNDLE"/>
        </localHose>
        <localHose>
            <hose diameter="0.005" isWorldSpaceHose="false" length="0.001" node="0>0|0|2|9" straighteningFactor="0.1" type="CABLE_BOUNDLE"/>
            <target attacherJointIndices="1" node="0>0|0|2|10" straighteningFactor="0.1" type="CABLE_BOUNDLE"/>
        </localHose>
        <localHose>
            <hose diameter="0.005" isWorldSpaceHose="false" length="0.001" node="0>0|0|2|10" straighteningFactor="0.1" type="CABLE_BOUNDLE"/>
            <target attacherJointIndices="1" node="0>0|0|2|11" straighteningFactor="0.1" type="CABLE_BOUNDLE"/>
        </localHose>
        <localHose>
            <hose diameter="0.005" isWorldSpaceHose="false" length="0.001" node="0>0|0|2|11" straighteningFactor="0.1" type="CABLE_BOUNDLE"/>
            <target attacherJointIndices="1" node="0>0|0|2|12" straighteningFactor="0.1" type="CABLE_BOUNDLE"/>
        </localHose>
        <localHose>
            <hose diameter="0.005" isWorldSpaceHose="false" length="0.001" node="0>0|0|2|12" straighteningFactor="0.1" type="CABLE_BOUNDLE"/>
            <target attacherJointIndices="1" node="0>0|0|2|13" straighteningFactor="0.1" type="CABLE_BOUNDLE"/>
        </localHose>
        <localHose>
            <hose diameter="0.005" isWorldSpaceHose="false" length="0.001" node="0>0|0|2|13" straighteningFactor="0.1" type="CABLE_BOUNDLE"/>
            <target attacherJointIndices="1" node="0>0|0|2|14" straighteningFactor="0.1" type="CABLE_BOUNDLE"/>
        </localHose>
        <localHose>
            <hose diameter="0.005" isWorldSpaceHose="false" length="0.001" node="0>0|0|2|14" straighteningFactor="0.1" type="CABLE_BOUNDLE"/>
            <target attacherJointIndices="1" node="0>0|0|2|15" straighteningFactor="0.1" type="CABLE_BOUNDLE"/>
        </localHose>
    </connectionHoses>

    <lights>
        <sharedLight linkNode="0>0|1|0|0" filename="$data/shared/assets/lights/lizard/rearLight08_left.xml"/>
        <sharedLight linkNode="0>0|1|0|1" filename="$data/shared/assets/lights/lizard/rearLight08_right.xml"/>
        <sharedLight linkNode="0>0|1|0|2" filename="$data/shared/assets/reflectors/lizard/redTriangle_02.xml"/>
        <sharedLight linkNode="0>0|1|0|3" filename="$data/shared/assets/reflectors/lizard/redTriangle_02.xml"/>
        <sharedLight linkNode="0>0|1|3|0" filename="$data/shared/assets/lights/lizard/plateNumberLight04.xml"/>
        <sharedLight linkNode="0>0|1|3|1" filename="$data/shared/assets/lights/lizard/plateNumberLight04.xml"/>

        <realLights>
            <high>
                <light node="0>0|1|1|0" lightTypes="0"/>
                <light node="0>0|1|3|2" lightTypes="0"/>
                <turnLightLeft node="0>0|1|2|0"/>
                <turnLightRight node="0>0|1|2|1"/>
                <brakeLight node="0>0|1|1|0"/>
            </high>
        </realLights>
        <beaconLights>
            <beaconLight node="0>0|1|4|0|0" filename="$data/shared/assets/beaconLights/lizard/beaconLight11.xml"/>
        </beaconLights>
    </lights>

    <animations>
        <animation name="moveSupport">          
            <part node="0>0|0|1"   startTime="0" endTime="0.7" startRot="0 0 0" endRot="-90 0 0"/>
            <part node="0>0|0|1|0"  startTime="0.5" endTime="1.5" startTrans="0 0 0" endTrans="0 0 -0.14"/> 

           <sound template="defaultHydraulicSound" startTime="0.5" endTime="1.5"  volumeScale="1" pitchScale="1.5" fadeIn="0.1" fadeOut="0.1" linkNode="0>0|0|1"/>
           <sound template="clackVar2"             startTime="0.7" direction="-1" volumeScale="2" pitchScale="0.8"                            linkNode="0>0|0|1"/>
           <sound template="clackVar2"             startTime="0.15" direction="1"  volumeScale="2" pitchScale="0.8"                            linkNode="0>0|0|1"/>
        </animation>
        <animation name="tipAnimationBack">
            <part node="0>0|3|0"     startTime="0" endTime="8" startRot="0 0 0" endRot="-48 0 0" />
            <part node="0>0|3|0|5|0|1"     startTime="0" endTime="8" startRot="0 0 0" endRot="48 0 0" />

            <sound template="cylinderPunch" startTime="11.99" direction="1"/>
            <sound template="clackVar2"     startTime="0.15" direction="0"   volumeScale="1.0" pitchScale="1.7"/>
            <sound template="metalOpen"     startTime="11.99" direction="1"   volumeScale="2.5" pitchScale="0.4"/>
            <sound template="metalOpen"     startTime="11.99" direction="1"   volumeScale="2.0" pitchScale="0.8"/>
            <sound template="clackVar6"     startTime="11.7"  direction="1"   volumeScale="2"   pitchScale="0.6"/>
            <sound template="metalClose"    startTime="0.15" direction="1"   volumeScale="3.0" pitchScale="0.3"/>
            <sound template="metalClose"    startTime="0.11" direction="-1"  volumeScale="2.0" pitchScale="0.9"/>
            <sound template="latchSmall"    startTime="0.20" direction="-1"  volumeScale="0.1" pitchScale="0.6"/>
            <sound template="clackVar6"     startTime="0.20" direction="-1"  volumeScale="1.4" pitchScale="0.6"/>
            <sound template="cylinderPunch" startTime="0.20" direction="-1"  volumeScale="0.8" pitchScale="1"/> 
        </animation>
        <animation name="tipAnimationGrainDoor">
            <part node="0>0|3|0"     startTime="1.0" endTime="5" startRot="0 0 0" endRot="-18.6 0 0" />
            <part node="0>0|4|1"     startTime="1.0" endTime="5" startRot="0 0 0" endRot="-18.6 0 0" />
            <part node="0>0|3|0|5|1|1"     startTime="1.0" endTime="5" startRot="0 0 0" endRot="18.6 0 0" />
            <part node="0>0|3|0|0|0|1|1" startTime="0" endTime="1" startTrans="0.879 -0.228 0.061" endTrans="0.879 -0.02 0.061" />
            
            <sound template="cylinderPunch" startTime="0.1" direction="1"/>
            <sound template="latchSmall" startTime="0.01" direction="1"  volumeScale="0.4" pitchScale="0.5"/>
            <sound template="latchSmall" startTime="0.0"  direction="-1" volumeScale="0.2" pitchScale="0.7"/>
            <sound template="slideOpen"  startTime="0.01" direction="1"  volumeScale="3.5" pitchScale="2.5"/>
            <sound template="slideClose" startTime="0.99" direction="-1" volumeScale="3.5" pitchScale="2.5"/>
            <sound template="metalClose" startTime="0.99" direction="1"  volumeScale="0.8" pitchScale="2"/>
            <sound template="metalClose" startTime="0.0"  direction="-1" volumeScale="0.8" pitchScale="1.8"/>
        </animation>
        <animation name="tipAnimationTrailer">
            <part node="0>0|3|0|0|0|0" startTime="0" endTime="4.0" startRot="0 0 0" endRot="0 -270 0"/>
            <part node="0>0|3|0|0|0|1" startTime="0.5" endTime="4.5" startRot="0 0 0" endRot="0 270 0"/>
            
            <sound template="cylinderPunch"      startTime="0"  direction="-1" volumeScale="1.5" pitchScale="0.7" linkNode="0>0|1"/>
            <sound template="cylinderPunch"      startTime="1"  direction="-1" volumeScale="1.5" pitchScale="0.7"/>
            <sound template="foldStartMed01"      startTime="0.05" direction="0" volumeScale="1" pitchScale="0.6"  linkNode="0>0|1"/>
            <sound template="clackVar1"          startTime="0.05"  direction="0" volumeScale="2.5" pitchScale="1"  linkNode="0>0|1"/>
            <sound template="clackVar4"          startTime="1"  direction="0" volumeScale="2.5" pitchScale="0.6"  linkNode="0>0|1"/>
            <sound template="hingeMedium"        startTime="2.2" direction="0" volumeScale="1.5"   pitchScale="0.6"  linkNode="0>0|1"/>
            <sound template="hingeMedium"        startTime="3" direction="0" volumeScale="2"   pitchScale="0.3"  linkNode="0>0|1"/>
            <sound template="hingeMedium"        startTime="0" direction="0" volumeScale="1.5"   pitchScale="0.3"  linkNode="0>0|1"/>
            <sound template="hingeMedium"        startTime="3" direction="0" volumeScale="2"   pitchScale="0.3"  linkNode="0>0|1"/>
            <sound template="metalLowVar2"       startTime="4.0"  direction="-1" volumeScale="1.8" pitchScale="1.2"  linkNode="0>0|1"/>
            <sound template="metalLowVar3"       startTime="4.2"  direction="-1" volumeScale="1.8" pitchScale="0.6"  linkNode="0>0|1"/>
        </animation>

        <animation name="openDoor">
            <part node="0>0|3|0|4|4" startTime="0.0" endTime="0.1" startTrans="0 1.46 2.066" endTrans="0 6 2.066"/>
            <part node="0>0|3|0|0|0|0|1" startTime="0.1" endTime="1" startRot="0 0 0" endRot="0 65 0"/>
            <part node="0>0|3|0|0|0|0|1|0" startTime="0.1" endTime="1" startRot="0 0 0" endRot="0 -20 0"/>
            <part node="0>0|3|0|0|0|0|1" startTime="2" endTime="3" startRot="0 65 0" endRot="0 0 0"/>
            <part node="0>0|3|0|0|0|0|1|0" startTime="2" endTime="3" startRot="0 -20 0" endRot="0 0 0"/>

            <part node="0>0|3|0|0|0|0" startTime="0.1" endTime="1" startRot="0 0 0" endRot="0 -2 0"/>
            <part node="0>0|3|0|0|0|0" startTime="1" endTime="4.5" startRot="0 -2 0" endRot="0 -271 0"/>
            <part node="0>0|3|0|0|0|1" startTime="1.5" endTime="4.8" startRot="0 0 0" endRot="0 271 0"/>

            <sound template="cylinderPunch"      startTime="0"  direction="-1" volumeScale="1.5" pitchScale="0.7" linkNode="0>0|3|0|0|0"/>
            <sound template="cylinderPunch"      startTime="1"  direction="-1" volumeScale="1.5" pitchScale="0.7" linkNode="0>0|3|0|0|0"/>
            <sound template="foldStartMed01"      startTime="0.05" direction="0" volumeScale="1" pitchScale="0.6"  linkNode="0>0|3|0|0|0"/>
            <sound template="clackVar1"          startTime="0.05"  direction="0" volumeScale="2.5" pitchScale="1"  linkNode="0>0|3|0|0|0"/>
            <sound template="clackVar4"          startTime="1"  direction="0" volumeScale="2.5" pitchScale="0.6"  linkNode="0>0|3|0|0|0"/>
            <sound template="hingeMedium"        startTime="2.2" direction="0" volumeScale="1.5"   pitchScale="0.6"  linkNode="0>0|3|0|0|0"/>
            <sound template="hingeMedium"        startTime="3" direction="0" volumeScale="2"   pitchScale="0.3"  linkNode="0>0|3|0|0|0"/>
            <sound template="hingeMedium"        startTime="0" direction="0" volumeScale="1.5"   pitchScale="0.3"  linkNode="0>0|3|0|0|0"/>
            <sound template="hingeMedium"        startTime="3" direction="0" volumeScale="2"   pitchScale="0.3"  linkNode="0>0|3|0|0|0"/>
            <sound template="metalLowVar2"       startTime="4.0"  direction="-1" volumeScale="1.8" pitchScale="1.2"  linkNode="0>0|3|0|0|0"/>
            <sound template="metalLowVar3"       startTime="4.2"  direction="-1" volumeScale="1.8" pitchScale="0.6"  linkNode="0>0|3|0|0|0"/>
        </animation>
        <animation name="foldPipe">
            <part node="0>0|3|0|0|0|3|0" startTime="0.00" endTime="1.5" startRot="60 0 0" endRot="0 0 0"/>
            <part node="0>0|3|0|0|0|3|0|0" startTime="0.00" endTime="1.5" startRot="-3000 0 0" endRot="0 0 0"/>

            <sound template="clackVar2"   startTime="0.01"  volumeScale="1.5" pitchScale="1" linkNode="0>0|3|0|0|0|3|0"/>
            <sound template="clackVar5"   startTime="1.49"  volumeScale="1.5" pitchScale="1.5" linkNode="0>0|3|0|0|0|3|0"/>
        </animation>
        <animation name="foldBody">
            <part node="0>0|3|0"     startTime="0.0" endTime="4" startRot="0 0 0" endRot="-12.6 0 0" />
            <part node="0>0|4|1"     startTime="0.0" endTime="4" startRot="0 0 0" endRot="-12.6 0 0" />
            <part node="0>0|3|0|0|0|1|1" startTime="3.4" endTime="4.2" startTrans="0.879 -0.228 0.061" endTrans="0.879 -0.02 0.061" />

            <sound template="cylinderPunch" startTime="0.1" direction="1"/>
            <sound template="latchSmall" startTime="4.01" direction="1"  volumeScale="0.4" pitchScale="0.5"/>
            <sound template="latchSmall" startTime="4.0"  direction="-1" volumeScale="0.2" pitchScale="0.7"/>
            <sound template="slideOpen"  startTime="4.01" direction="1"  volumeScale="3.5" pitchScale="2.5"/>
            <sound template="slideClose" startTime="4.99" direction="-1" volumeScale="3.5" pitchScale="2.5"/>
            <sound template="metalClose" startTime="4.99" direction="1"  volumeScale="0.8" pitchScale="2"/>
            <sound template="metalClose" startTime="4.0"  direction="-1" volumeScale="0.8" pitchScale="1.8"/>
        </animation>
    </animations>
    <cylindered>
        <movingTools>
            <movingTool node="0>0|3|0" playSound="true">
                <dependentPart node="0>0|4|0"/>
                <dependentPart node="0>0|3|0|0"/>
            </movingTool>
            <movingTool node="0>0|3|0|0|0|1|1">
                <dependentPart node="0>0|3|0|0|0|1|2"/>
            </movingTool>
            <movingTool node="0>0|3|0|0|0|3|0" freezingPipeStates="1">
                <controls axis="AXIS_PIPE" invertAxis="true" mouseSpeedFactor="1" iconName="PIPE_ROTATE_X" />
                <animation animSpeed="0.5" animAcceleration="100" animName="foldPipe" />
                <dependentPart node="0>0|3|0|0|0|3|2|0"/>
                <dependentPart node="0>0|3|0|0|0|3|2|1"/>
                <dependentPart node="0>0|3|0|0|0|3|2|2"/>
                <dependentPart node="0>0|3|0|0|0|3|2|3"/>
            </movingTool>
        </movingTools>
        <movingParts>
            <movingPart node="0>0|4|0" referencePoint="0>0|3|0|7" referenceFrame="0>0|3|0|7" divideTranslatingDistance="false">
                <translatingPart node="0>0|4|0|0" maxZTrans="0.42"/>
                <translatingPart node="0>0|4|0|0|0" maxZTrans="0.44"/>
                <translatingPart node="0>0|4|0|0|0|0" maxZTrans="0.46"/>
            </movingPart>
            <movingPart node="0>0|3|0|0" localReferencePoint="0>0|3|0|0|0|2" referencePoint="0>0|4|1|0" referenceFrame="0>0|3|0|8">
                <dependentPart node="0>0|3|0|0|0|2" />
            </movingPart>
            <movingPart node="0>0|3|0|0|0|2" referencePoint="0>0|4|1|0" referenceFrame="0>0|4|1|0"/>
            <movingPart node="0>0|3|0|0|0|1|2" localReferencePoint="0>0|3|0|0|0|1|2|0" referencePoint="0>0|3|0|0|0|1|1|0" referenceFrame="0>0|3|0|0|0|1|5">
                <dependentPart node="0>0|3|0|0|0|1|2|0" />
            </movingPart>
            <movingPart node="0>0|3|0|0|0|1|2|0" referencePoint="0>0|3|0|0|0|1|1|0" referenceFrame="0>0|3|0|0|0|1|1|0"/>

            <movingPart node="0>0|3|0|0|0|3|2|0" referencePoint="0>0|3|0|0|0|3|0|2" referenceFrame="0>0|3|0|0|0|3|0|2" scaleZ="true"/>
            <movingPart node="0>0|3|0|0|0|3|2|1" referencePoint="0>0|3|0|0|0|3|0|3" referenceFrame="0>0|3|0|0|0|3|0|3" scaleZ="true"/>
            <movingPart node="0>0|3|0|0|0|3|2|2" referencePoint="0>0|3|0|0|0|3|0|4" referenceFrame="0>0|3|0|0|0|3|0|4" scaleZ="true"/>
            <movingPart node="0>0|3|0|0|0|3|2|3" referencePoint="0>0|3|0|0|0|3|0|5" referenceFrame="0>0|3|0|0|0|3|0|5" scaleZ="true"/>

        </movingParts>
    </cylindered>
    <fillUnit>
        <fillUnitConfigurations>
            <fillUnitConfiguration name="$l10n_configuration_capacityX" params="7050" price="0">
                <fillUnits>
                    <fillUnit shopDisplayUnit="CUBICMETER" fillTypeCategories="BULK" capacity="7050" allowAILoading="true">
                        <exactFillRootNode node="0>0|3|0|4|4|0"/>
                        <autoAimTargetNode node="0>0|3|0|4|3" startZ="3.8" endZ="0.5" invert="false" startPercentage="25"/>
                    </fillUnit>
                </fillUnits>
                <objectChange node="0>0|3|0|4|4|0"  translationActive="0 -0.6 0" />
                <objectChange node="0>0|3|0|4|0" visibilityActive="true" />
                <objectChange node="0>0|3|0|4|1" visibilityActive="false" />
                <objectChange node="0>0|3|0|4|2" visibilityActive="false" />
                <objectChange node="0>0|3|0|1" visibilityActive="false" />
                <objectChange node="0>0|3|0|2" visibilityActive="false" />
                <objectChange node="0>0|3|0|3" visibilityActive="false" />
                <objectChange node="0>0|3|0|0|0|0|0" visibilityActive="false" />
                <objectChange node="0>0|3|0|0|0|1|0" visibilityActive="false" />
                <objectChange node="0>0|3|0|1|0" compoundChildActive="false" />
                <objectChange node="0>0|3|0|1|1" compoundChildActive="false" />
                <objectChange node="0>0|3|0|1|2" compoundChildActive="false" />
                <objectChange node="0>0|3|0|2|1" compoundChildActive="false" />
                <objectChange node="0>0|3|0|3|1" compoundChildActive="false" />
                <objectChange node="0>0|3|0|0|0|0|0|0" compoundChildActive="false" />
                <objectChange node="0>0|3|0|0|0|1|0|0" compoundChildActive="false" />
                <objectChange node="0>0|3|0|0|0|3|2"  translationActive="0 0.722 0.008" />
            </fillUnitConfiguration>
            <fillUnitConfiguration name="$l10n_configuration_capacityX" params="9840" price="1500">
                <fillUnits>
                    <fillUnit shopDisplayUnit="CUBICMETER" fillTypeCategories="BULK" capacity="9840" allowAILoading="true">
                        <exactFillRootNode node="0>0|3|0|4|4|0"/>
                        <autoAimTargetNode node="0>0|3|0|4|3" startZ="3.8" endZ="0.5" invert="false" startPercentage="25"/>
                    </fillUnit>
                </fillUnits>
                <objectChange node="0>0|3|0|4|4|0"  translationActive="0 -0.3 0" />
                <objectChange node="0>0|3|0|4|0" visibilityActive="false" />
                <objectChange node="0>0|3|0|4|1" visibilityActive="true" />
                <objectChange node="0>0|3|0|4|2" visibilityActive="false" />
                <objectChange node="0>0|3|0|1" visibilityActive="true" />
                <objectChange node="0>0|3|0|2" visibilityActive="false" />
                <objectChange node="0>0|3|0|3" visibilityActive="false" />
                <objectChange node="0>0|3|0|0|0|0|0" visibilityActive="true" />
                <objectChange node="0>0|3|0|0|0|1|0" visibilityActive="true" />
                <objectChange node="0>0|3|0|2|1" compoundChildActive="false" />
                <objectChange node="0>0|3|0|3|1" compoundChildActive="false" />
                <objectChange node="0>0|3|0|0|0|3|2"  translationActive="0 1.055 -0.147" />
            </fillUnitConfiguration>
            <fillUnitConfiguration name="$l10n_configuration_capacityX" params="11550" price="1750">
                <fillUnits>
                    <fillUnit shopDisplayUnit="CUBICMETER" fillTypeCategories="BULK" capacity="11550" allowAILoading="true">
                        <exactFillRootNode node="0>0|3|0|4|4|0"/>
                        <autoAimTargetNode node="0>0|3|0|4|3" startZ="3.8" endZ="0.5" invert="false" startPercentage="25"/>
                    </fillUnit>
                </fillUnits>
                <objectChange node="0>0|3|0|4|4|0"  translationActive="0 -0.3 0" />
                <objectChange node="0>0|3|0|4|0" visibilityActive="false" />
                <objectChange node="0>0|3|0|4|1" visibilityActive="false" />
                <objectChange node="0>0|3|0|4|2" visibilityActive="true" />
                <objectChange node="0>0|3|0|1" visibilityActive="true" />
                <objectChange node="0>0|3|0|2" visibilityActive="false" />
                <objectChange node="0>0|3|0|3" visibilityActive="true" />
                <objectChange node="0>0|3|0|2|1" compoundChildActive="false" />
                <objectChange node="0>0|3|0|0|0|0|0" visibilityActive="true" />
                <objectChange node="0>0|3|0|0|0|1|0" visibilityActive="true" />
                <objectChange node="0>0|3|0|0|0|3|2"  translationActive="0 1.055 -0.147" />
            </fillUnitConfiguration>
            <fillUnitConfiguration name="$l10n_configuration_capacityX" params="11550" price="1750">
                <fillUnits>
                    <fillUnit shopDisplayUnit="CUBICMETER" fillTypeCategories="BULK" capacity="11550" allowAILoading="true">
                        <exactFillRootNode node="0>0|3|0|4|4|0"/>
                        <autoAimTargetNode node="0>0|3|0|4|3" startZ="3.8" endZ="0.5" invert="false" startPercentage="25"/>
                    </fillUnit>
                </fillUnits>
                <objectChange node="0>0|3|0|4|4|0"  translationActive="0 -0.3 0" />
                <objectChange node="0>0|3|0|4|0" visibilityActive="false" />
                <objectChange node="0>0|3|0|4|1" visibilityActive="false" />
                <objectChange node="0>0|3|0|4|2" visibilityActive="true" />
                <objectChange node="0>0|3|0|1" visibilityActive="true" />
                <objectChange node="0>0|3|0|2" visibilityActive="true" />
                <objectChange node="0>0|3|0|3" visibilityActive="false" />
                <objectChange node="0>0|3|0|3|1" compoundChildActive="false" />
                <objectChange node="0>0|3|0|0|0|0|0" visibilityActive="true" />
                <objectChange node="0>0|3|0|0|0|1|0" visibilityActive="true" />
                <objectChange node="0>0|3|0|0|0|3|2"  translationActive="0 1.055 -0.147" />
            </fillUnitConfiguration>
            <fillUnitConfiguration name="$l10n_configuration_capacityX" params="13250" price="2000">
                <fillUnits>
                    <fillUnit shopDisplayUnit="CUBICMETER" fillTypeCategories="BULK" capacity="13250" allowAILoading="true">
                        <exactFillRootNode node="0>0|3|0|4|4|0"/>
                        <autoAimTargetNode node="0>0|3|0|4|3" startZ="3.8" endZ="0.5" invert="false" startPercentage="25"/>
                    </fillUnit>
                </fillUnits>
                <objectChange node="0>0|3|0|4|4|0"  translationActive="0 0 0" />
                <objectChange node="0>0|3|0|4|0" visibilityActive="false" />
                <objectChange node="0>0|3|0|4|1" visibilityActive="false" />
                <objectChange node="0>0|3|0|4|2" visibilityActive="true" />
                <objectChange node="0>0|3|0|1" visibilityActive="true" />
                <objectChange node="0>0|3|0|2" visibilityActive="true" />
                <objectChange node="0>0|3|0|3" visibilityActive="true" />
                <objectChange node="0>0|3|0|0|0|0|0" visibilityActive="true" />
                <objectChange node="0>0|3|0|0|0|1|0" visibilityActive="true" />
                <objectChange node="0>0|3|0|0|0|3|2"  translationActive="0 1.055 -0.147" />
            </fillUnitConfiguration>
        </fillUnitConfigurations>
    </fillUnit>
    <fillVolume>
        <fillVolumeConfigurations>
            <fillVolumeConfiguration>
                <volumes>
                    <volume node="0>0|3|0|4|0" fillUnitIndex="1" maxDelta="0.20" maxAllowedHeapAngle="18"/>
                    <volume node="0>0|3|0|4|1" fillUnitIndex="1" maxDelta="0.20" maxAllowedHeapAngle="18"/>
                    <volume node="0>0|3|0|4|2" fillUnitIndex="1" maxDelta="0.20" maxAllowedHeapAngle="18"/>
                </volumes>
            </fillVolumeConfiguration>
        </fillVolumeConfigurations>
        <unloadInfos>
            <unloadInfo>
                <node node="0>0|3|0|4|5" width="1.5" length="1.0"/>
            </unloadInfo>
        </unloadInfos>
        <heightNodes>
            <heightNode fillVolumeIndex="1">
                <refNode node="0>0|3|0|4|8|0"/>
                <refNode node="0>0|3|0|4|8|1"/>
                <node node="0>0|3|0|5|0|1" baseScale="1 1 1" scaleAxis="0 0 0" transAxis="0 0 0"/>
                <node node="0>0|3|0|5|0|0" baseScale="1 0.2 1" scaleAxis="0 0.5 0" transAxis="0 0 0"/>
            </heightNode>
        </heightNodes>
    </fillVolume>
    <dischargeable>
        <dischargeableConfigurations>
            <dischargeableConfiguration>
                <dischargeNode node="0>0|3|0|4|6" emptySpeed="1850" fillUnitIndex="1" unloadInfoIndex="1" allowAIDischarge="true" >
                    <info width="2" length="0.5" />
                    <effects>
                        <effectNode effectClass="TipEffect">
                            <effectNode effectNode="0>0|3|0|5|0|0" effectClass="ParticleEffect" extraDistance="2" materialType="unloadingParticle"/>
                            <effectNode effectNode="0>0|3|0|5|0|1" materialType="unloading" materialTypeId="1" fadeTime="1.5" extraDistanceNode="0>0|3|0|4|6" extraDistance="0.2"/>
                        </effectNode>
                        <effectNode effectNode="0>0|3|0|5|0|2" materialType="unloadingSmoke" fadeTime="0.5" />
                    </effects>
                </dischargeNode>
                <dischargeNode node="0>0|3|0|4|7" emptySpeed="421" fillUnitIndex="1" unloadInfoIndex="1">
                    <info width="0.5" length="0.5" />
                    <effects>
                        <effectNode effectClass="TipEffect">
                            <effectNode effectNode="0>0|3|0|5|1|0" effectClass="ParticleEffect" materialType="unloadingParticle"/>
                            <effectNode effectNode="0>0|3|0|5|1|1" materialType="unloading" fadeTime="0.5" extraDistanceNode="0>0|3|0|4|7" extraDistance="0.2"/>
                        </effectNode>
                        <effectNode effectNode="0>0|3|0|5|1|2" materialType="unloadingSmoke" fadeTime="0.5"/>
                    </effects>
                </dischargeNode>
            </dischargeableConfiguration>
            <dischargeableConfiguration>
                <dischargeNode node="0>0|3|0|0|0|3|0|1|2" emptySpeed="530" fillUnitIndex="1" unloadInfoIndex="1" maxDistance="8">
                    <info width="0.3" length="0.3" useRaycastHitPosition="true"/>
                    <raycast useWorldNegYDirection="true" yOffset="1"/>
                    <effects>
                        <effectNode effectClass="PipeEffect" effectNode="0>0|3|0|0|0|3|0|1|0" materialType="pipe" delay="0" maxBending="0.9" positionUpdateNodes="0>0|3|0|0|0|3|0|1|1" extraDistance="0.6"/>
                        <effectNode effectNode="0>0|3|0|0|0|3|0|1|1" materialType="unloadingSmoke" delay="0.1" alignToWorldY="true"/>
                        <effectNode effectNode="0>0|3|0|0|0|3|0|7" materialType="unloading" materialTypeId="1" fadeTime="0.5"/>
                    </effects>                    
                </dischargeNode>
            </dischargeableConfiguration>
        </dischargeableConfigurations>
    </dischargeable>
    <trailer>
        <trailerConfigurations>
            <trailerConfiguration>
                <trailer>
                    <tipSide name="$l10n_info_tipSideBack" dischargeNodeIndex="1">
                        <animation name="tipAnimationBack" speedScale="1.5" startTipTime="0.02"/>
                    </tipSide>
                    <tipSide name="$l10n_info_tipSideBackGrainDoor" dischargeNodeIndex="2" >
                        <animation name="tipAnimationGrainDoor" speedScale="1.0" startTipTime="0.02"/>
                    </tipSide>
                    <tipSide name="$l10n_info_tipSideBackDoor" dischargeNodeIndex="3">
                        <manualTipToggle enabled="true" stopOnDeactivate="false" inputActionTextPos="$l10n_action_BackDoorOpen" inputActionTextNeg="$l10n_action_BackDoorClose"/>
                        <animation name="openDoor" speedScale="1.0"/>
                        <fillLevel fillUnitIndex="1" maxFillLevelPct="0.000001" />
                    </tipSide>
                </trailer>
            </trailerConfiguration>
            <trailerConfiguration>
                <trailer>
                </trailer>
            </trailerConfiguration>
        </trailerConfigurations>
    </trailer>

    <foliageBending>
        <bendingNode minX="-1.2" maxX="1.2" minZ="-2" maxZ="1.5" yOffset="0.6"/>
    </foliageBending>

    <baseMaterial>    
        <material name="trailer" baseNode="0>0">
            <shaderParameter name="colorMat0" value="0.4 0.01 0.01"/>
            <shaderParameter name="colorMat1" value="0.263 0.263 0.263"/>
        </material>
        <material name="Vis" baseNode="0>0|3|0|0|0|3|0|8">
            <shaderParameter name="colorMat0" value="0.4 0.01 0.01"/>
        </material>
        <material name="beacon" baseNode="0>0|1|4|0">
            <shaderParameter name="colorMat0" value="0.4 0.01 0.01"/>
        </material>
    </baseMaterial>

    <baseMaterialConfigurations>
        <baseMaterialConfiguration name="$l10n_ui_colorGrey" color="0.263 0.263 0.263 0" price="0"/>
        <baseMaterialConfiguration name="$l10n_ui_colorOrange" color="0.6 0.1 0 0" price="0"/>
        <material name="trailer" shaderParameter="colorMat1" />    
        <material name="beacon" shaderParameter="colorMat0" />    
    </baseMaterialConfigurations>

    <rimColorConfigurations useDefaultColors="false">
        <rimColorConfiguration name="$l10n_ui_colorGrey"   color="0.263 0.263 0.263 0" price="0"/>
        <rimColorConfiguration name="$l10n_ui_colorOrange"  color="0.6 0.1 0 0" price="500"/>
    </rimColorConfigurations>

    <designMaterialConfigurations price="150" useDefaultColors="true" >
        <designMaterialConfiguration name="$l10n_ui_colorBlue" color="0.4 0.01 0.01" price="0"/>
        <material name="Vis" shaderParameter="colorMat0" />
    </designMaterialConfigurations>

    <pipe unloadInfoIndex="1">
        <states num="2" unloading="2" />
        <animation name="foldBody" speedScale="1"/>
        <unloadingTriggers>
            <unloadingTrigger node="0>0|3|0|0|0|3|1" />
        </unloadingTriggers>
    </pipe>

    <designConfigurations  title="$l10n_configuration_pipe">
        <designConfiguration name="$l10n_configuration_valueShortPipe" price="0">
            <objectChange node="0>0|3|0|0|0|3|0|8" visibilityActive="true"/>
            <objectChange node="0>0|3|0|0|0|3|0|9" visibilityActive="false"/>
            <objectChange node="0>0|3|0|0|0|3|0|1"  translationActive="0.329 2.055 0.182" />
            <objectChange node="0>0|3|0|0|0|3|0|6" scaleActive="1 0.85 1" translationActive="0.313 0.892 0.389"/>
        </designConfiguration>
        <designConfiguration name="$l10n_configuration_valueLongPipe" price="200">
            <objectChange node="0>0|3|0|0|0|3|0|8" visibilityActive="false"/>
            <objectChange node="0>0|3|0|0|0|3|0|9" visibilityActive="true"/>
            <objectChange node="0>0|3|0|0|0|3|0|1"  translationActive="0.329 3.015 0.182" />
            <objectChange node="0>0|3|0|0|0|3|0|6" scaleActive="1 1 1" translationActive="0.313 1.434 0.389"/>
        </designConfiguration>
    </designConfigurations>

    <configurationSets>
        <configurationSet name="$l10n_configuration_valueDefault" >
            <configuration name="designMaterial"    index="1" />
            <configuration name="design"            index="1" />
            <configuration name="trailer"           index="1" />
            <configuration name="vehicleType"       index="1" />
            <configuration name="dischargeable"     index="1" />
        </configurationSet>
        <configurationSet name="$l10n_ui_standardVis" >
            <configuration name="trailer"           index="2" />
            <configuration name="vehicleType"       index="2" />
            <configuration name="dischargeable"     index="2" />
        </configurationSet>
    </configurationSets>

    <vehicleTypeConfigurations  title="Vis">
        <vehicleTypeConfiguration name="$l10n_configuration_valueYes" price="0" vehicleType="trailer">
            <objectChange node="0>0|3|0|0|0|3" visibilityActive="false"/>
            <objectChange node="0>0|3|0|0|0|3|0|6" compoundChildActive="false" />
        </vehicleTypeConfiguration>
        <vehicleTypeConfiguration name="$l10n_configuration_valueYes" price="3000" vehicleType="augerWagon">
            <objectChange node="0>0|3|0|0|0|3" visibilityActive="true"/>
        </vehicleTypeConfiguration>
    </vehicleTypeConfigurations>

    <ai>
        <allowTurnBackward value="false"/>
        <turningRadiusLimitation radius="9"/>
        <agentAttachment jointNode="0>0|0|0" rotCenterWheelIndices="1 2" width="2.4" height="3.5" length="6.5" lengthOffset="1"/>
    </ai>

    <wearable wearDuration="480" workMultiplier="5" fieldMultiplier="2"/>
    <washable dirtDuration="90" washDuration="1" workMultiplier="3" fieldMultiplier="2"/>
</vehicle>