﻿<?xml version="1.0" encoding="utf-8" standalone="no"?>
<modDesc descVersion="80">
    <author>Nico Du 55</author>
    <version>1.0.0.0</version>
    <title>
        <en>Brimont BB 8</en>
    </title>
    <description>
        <en><![CDATA[Brimont BB 8
- Price: 11 730 €
- Capacity configurations : 7 050 - 13 250 L]]></en>
        <de><![CDATA[Brimont BB 8
- Preis: 11 730 € €
- Kapazitätskonfigurationen: 7 050 - 13 250 L]]></de>
        <fr><![CDATA[Brimont BB 8
- Prix: 11 730 €
- Configurations de capacité: 7 050 - 13 250 L]]></fr>
    </description>
    <iconFilename>icon_bb8.dds</iconFilename>
    <multiplayer supported="true"/>
    <storeItems>
        <storeItem xmlFilename="bb8.xml"/>
    </storeItems>
    <l10n>
        <text name="configuration_ridelleGrain">
            <en>Grain bodywork</en>
            <de>Getreide Bordwanderhöhung</de>
            <fr>Ridelles Grain</fr>
        </text>
        <text name="ui_standardVis">
            <en>With augerwagon</en>
            <fr>Avec vis de transfert</fr>
            <de>Mit Überladewagen</de>
        </text>
        <text name="info_tipSideBackDoor">
            <en>Rear doors</en>
            <de>Hintere Türen</de>
            <fr>Porte arriere</fr>
        </text>
        <text name="action_BackDoorOpen">
            <en>Open trailer doors</en>
            <de>Anhängertüren öffnen</de>
            <fr>Ouvrir les portes arriere</fr>
        </text>
        <text name="action_BackDoorClose">
            <en>Close trailer doors</en>
            <de>Anhängertüren schließen</de>
            <fr>Fermer les portes arriere</fr>
        </text>
    </l10n>
    <brands>
        <brand name="BRIMONT" title="Brimont" image="brand.dds"/>
    </brands>
</modDesc>