<?xml version="1.0" encoding="utf-8" standalone="no" ?>
<placeable type="siloExtension" xmlns:xsi="http://www.w3.org/2001/XMLSchema-instance" xsi:noNamespaceSchemaLocation="../../../../../shared/xml/schema/placeable.xsd">
    <storeData>
        <name>$l10n_storeItem_liquidManureTankExtensionSmall</name>
        <image>store_Extention.png</image>
        <functions>
            <function>$l10n_function_liquidManureTankExtension</function>
        </functions>
        <price>65000</price>
        <dailyUpkeep>25</dailyUpkeep>
        <lifetime>1000</lifetime>
        <rotation>0</rotation>
        <brand>NONE</brand>
        <species>placeable</species>
        <category>siloExtensions</category>
        <brush>
            <type>placeable</type>
            <category>buildings</category>
            <tab>siloExtensions</tab>
        </brush>

        <storeIconRendering>
            <settings cameraXRot="-25" advancedBoundingBox="true" />
        </storeIconRendering>
        <audioMemoryUsage>0</audioMemoryUsage>
        <vertexBufferMemoryUsage>8192</vertexBufferMemoryUsage>
        <indexBufferMemoryUsage>1024</indexBufferMemoryUsage>
        <textureMemoryUsage>1966080</textureMemoryUsage>
        <instanceVertexBufferMemoryUsage>0</instanceVertexBufferMemoryUsage>
        <instanceIndexBufferMemoryUsage>0</instanceIndexBufferMemoryUsage>
    </storeData>

    <base>
        <filename>Extention.i3d</filename>
		<canBeRenamed>true</canBeRenamed>
        <boughtWithFarmland>true</boughtWithFarmland>
    </base>

    <placement useRandomYRotation="false" useManualYRotation="true" >
        <testAreas>
            <testArea startNode="testArea1Start" endNode="testArea1End" />
        </testAreas>

        <sounds>
            <place template="smallImp" />
        </sounds>
    </placement>

    <clearAreas>
        <clearArea startNode="clearArea1Start" widthNode="clearArea1Width" heightNode="clearArea1Height"/>
    </clearAreas>

    <leveling requireLeveling="true" maxSmoothDistance="10" maxSlope="75" maxEdgeAngle="30">
        <levelAreas>
            <levelArea startNode="clearArea1Start" widthNode="clearArea1Width" heightNode="clearArea1Height" groundType="asphalt"/>
        </levelAreas>
    </leveling>

    <indoorAreas/>

    <tipOcclusionUpdateAreas>
        <tipOcclusionUpdateArea startNode="tipOcclusionUpdateArea1Start" endNode="tipOcclusionUpdateArea1End" />
    </tipOcclusionUpdateAreas>

    <ai>
        <updateAreas>
            <updateArea startNode="tipOcclusionUpdateArea1Start" endNode="tipOcclusionUpdateArea1End" />
        </updateAreas>
    </ai>

    <siloExtension nearSiloWarning="$l10n_warning_liquidManureTankNotNearBarn">
        <storage node="storage" fillTypes="LIQUIDMANURE" capacity="500000" isExtension="true" />
    </siloExtension>

    <i3dMappings>
        <i3dMapping id="mapPosition" node="1>0" />
        <i3dMapping id="clearArea1Start" node="1>1|0" />
        <i3dMapping id="clearArea1Width" node="1>1|0|0" />
        <i3dMapping id="clearArea1Height" node="1>1|0|1" />
        <i3dMapping id="testArea1Start" node="1>2|0" />
        <i3dMapping id="testArea1End" node="1>2|0|0" />
        <i3dMapping id="tipOcclusionUpdateArea1Start" node="1>3|0" />
        <i3dMapping id="tipOcclusionUpdateArea1End" node="1>3|0|0" />
        <i3dMapping id="storage" node="1>5" />		
    </i3dMappings>
</placeable>
