﻿<?xml version="1.0" encoding="utf-8" standalone="no" ?>
<modDesc descVersion="74">
    <author>Austria Modding</author>
	<contributors>
		Sepp, David, Benji
	</contributors>
    <version>1.3.0.0</version>
	<title>
        <en>Slurry Tanks</en>
        <de>Güllelager</de>
    </title>
    <description>
        <en>
<![CDATA[You need more space to store your slurry? Then just put this silo on your farm!

There are six versions: 
- Two storages with the slurry tank from the standard game, but the diameter has been reduced. In the first version, the terrain around the whole building is adjusted, in the other only at the trigger. The trigger must always be at the highest point when placed, otherwise parts of the building will sink into the ground. This makes it possible to place the slurry tanks on slopes and see more of the wall.

- Two versions with a concrete ceiling above the storage, on which you can park bales or machines. Also with these versions there is a version with terrain adjustment around the building and one with terrain adjustment only for the trigger.

- One Tank with an underground pit where you can only see the suction point.

- One underground extension where you can only see the suction point.

- Price: 65000$
- Daily upkeep: 25$
- Capacity: 500000 liters

Changelog 1.1.0.0:
New store icons and modIcon
New wood texture added
2ndUV added to some buildings
Slot consumption reduced on consoles
Minor bug fixes

Changelog 1.2.0.0:
Digestate is no longer converted into liquid manure during filling in
Added fill animation for open pits

Changelog 1.3.0.0:
"boughtWithFarmland" tag added

Support and wishes please here in the Giants Forum: https://forum.giants-software.com/viewtopic.php?f=986&t=188122]]>
        </en>
        <de>
<![CDATA[Du benötigst mehr Platz um deine Gülle zu lagern? Dann stell einfach dieses Silo auf deinen Hof!

Es gibt sechs Versionen: 

- Zwei Lager mit dem Güllebecken aus dem Standartspiel, allerdings wurde der Durchmesser verkleinert. Bei der ersten Version wird wird das Terrain rund um das ganze Gebäude angepasst, bei der anderen nur beim Trigger. Der Trigger muss beim Platzieren immer an der höchsten Stelle sein, ansonsten versinkt ein Teil des Gebäudes im Boden. Dadurch ist es möglich das Güllebecken an Hängen zu platzieren und mehr von der Wand zu sehen.

- Zwei Versionen mit einer Betondecke über dem Lager, auf der man Ballen oder auch Maschinen abstellen kann. Auch bei diesen Versionen gibt es eine Version mit Geländeanpassung rund um das Gebäude und eine mit Geländeanpassung nur beim Trigger.

- Ein Lager mit einer unterirdischen Grube bei der man nur die Saugstelle sieht.

- Eine unterirdische Erweiterung, bei der man auch nur die Saugstelle sieht.

- Preis: 65000€
- Unterhalt: 25€
- Kapazität: 500000 Liter

Changelog 1.1.0.0:
Neue Shopbilder und ModIcon
Neue Holztextur hinzugefügt
2ndUV bei einigen Gebäuden hinzugefügt
Slotverbrauch auf Konsolen reduziert
Kleinere Fehlerverbesserungen

Changelog 1.2.0.0:
Gärreste werden beim Einfüllen nun nicht mehr in Gülle umgewandelt
Füllanimation bei den offenen Gruben hinzugefügt

Changelog 1.3.0.0:
"boughtWithFarmland" -Tag hinzugefügt

Support und Wünsche bitte hier im Giants Forum: https://forum.giants-software.com/viewtopic.php?f=986&t=188122]]>         
</de>
    </description>
    <iconFilename>icon_slurryTanks.png</iconFilename>
	<multiplayer supported="true" />
    <storeItems>	
		<storeItem xmlFilename="TankStrongLevelingWithoutCeiling.xml"/>  	
		<storeItem xmlFilename="TankEasyLevelingWithoutCeiling.xml"/>    	
		<storeItem xmlFilename="TankStrongLevelingWithCeiling.xml"/>		      
		<storeItem xmlFilename="TankEasyLevelingWithCeiling.xml"/>   
		<storeItem xmlFilename="SmallTank.xml"/>  		
		<storeItem xmlFilename="Extension.xml"/>    
	</storeItems>
	
	<l10n>
		<text name="function_liquidManureTankEasyLeveling">
            <en>These tanks are used to store liquid manure. The terrain is only adjusted near the trigger, thus it is possible to see more of the wall.</en>
            <de>In diesen Behältern wird Gülle zwischengelagert. Das Terrain wird nur beim Trigger angepasst, dadurch ist es möglich, mehr von der Wand zu sehen.</de>
        </text>
    </l10n>
</modDesc>




