<?xml version="1.0" encoding="utf-8" standalone="no" ?>
<placeable type="silo" xmlns:xsi="http://www.w3.org/2001/XMLSchema-instance" xsi:noNamespaceSchemaLocation="../../../../../shared/xml/schema/placeable.xsd">
    <storeData>
        <name>$l10n_storeItem_liquidManureTank</name>
        <image>store_SmallTank.png</image>
        <functions>
            <function>$l10n_function_liquidManureTank</function>
        </functions>
        <price>65000</price>
        <dailyUpkeep>25</dailyUpkeep>
        <lifetime>1000</lifetime>
        <rotation>0</rotation>
        <brand>NONE</brand>
        <species>placeable</species>
        <category>silos</category>
        <brush>
            <type>placeable</type>
            <category>buildings</category>
            <tab>silos</tab>
        </brush>

        <storeIconRendering>
            <settings cameraXRot="-25" advancedBoundingBox="true" />
        </storeIconRendering>
        <audioMemoryUsage>0</audioMemoryUsage>
        <vertexBufferMemoryUsage>37376</vertexBufferMemoryUsage>
        <indexBufferMemoryUsage>7424</indexBufferMemoryUsage>
        <textureMemoryUsage>4063232</textureMemoryUsage>
        <instanceVertexBufferMemoryUsage>0</instanceVertexBufferMemoryUsage>
        <instanceIndexBufferMemoryUsage>0</instanceIndexBufferMemoryUsage>
    </storeData>

    <base>
        <filename>SmallTank.i3d</filename>
		<canBeRenamed>true</canBeRenamed>
        <boughtWithFarmland>true</boughtWithFarmland>
    </base>

    <placement useRandomYRotation="false" useManualYRotation="true" >
        <testAreas>
            <testArea startNode="testArea1Start" endNode="testArea1End" />
        </testAreas>
		
		<sounds>
            <place template="smallImp" />
        </sounds>
    </placement>

    <clearAreas>
        <clearArea startNode="clearArea1Start" widthNode="clearArea1Width" heightNode="clearArea1Height"/>
    </clearAreas>

    <leveling requireLeveling="true" maxSmoothDistance="10" maxSlope="75" maxEdgeAngle="30">
        <levelAreas>
            <levelArea startNode="clearArea1Start" widthNode="clearArea1Width" heightNode="clearArea1Height" groundType="asphalt"/>
        </levelAreas>
    </leveling>

    <indoorAreas/>

    <tipOcclusionUpdateAreas>
        <tipOcclusionUpdateArea startNode="tipOcclusionUpdateArea1Start" endNode="tipOcclusionUpdateArea1End" />
    </tipOcclusionUpdateAreas>

    <ai>
        <updateAreas>
            <updateArea startNode="tipOcclusionUpdateArea1Start" endNode="tipOcclusionUpdateArea1End" />
        </updateAreas>
    </ai>

    <infoTrigger triggerNode="infoTrigger"/>

    <silo>
        <loadingStation node="loadingTrigger" supportsExtension="true" storageRadius="70">
            <loadTrigger triggerNode="loadingTrigger" fillLitersPerSecond="2000" dischargeNode="dischargeNode" fillTypes="LIQUIDMANURE DIGESTATE" aiNode="aiNodeLoading"/>
        </loadingStation>

        <unloadingStation supportsExtension="true" storageRadius="50" >
            <unloadTrigger exactFillRootNode="exactFillRootNode" fillTypes="LIQUIDMANURE DIGESTATE" aiNode="aiNodeLoading"/>
        </unloadingStation>

        <storages>
            <storage node="storage" fillTypes="LIQUIDMANURE DIGESTATE" capacity="500000" isExtension="true" />
        </storages>
    </silo>

    <hotspots>
        <hotspot type="LOADING" linkNode="mapPosition" />
    </hotspots>

    <triggerMarkers>
        <triggerMarker node="markerLoading"   filename="$data/shared/assets/marker/markerIcons.xml" id="LOAD" />
        <triggerMarker node="markerUnloading" filename="$data/shared/assets/marker/markerIcons.xml" id="UNLOAD" />
    </triggerMarkers>

    <i3dMappings>
        <i3dMapping id="mapPosition" node="1>5|0" />
        <i3dMapping id="loadingStation" node="1>5|1" />
        <i3dMapping id="loadingTrigger" node="1>5|1|0|0" />
        <i3dMapping id="dischargeNode" node="1>5|1|0|1" />
        <i3dMapping id="aiNodeLoading" node="1>5|1|0|2" />
        <i3dMapping id="unloadingStation" node="1>5|2" />
        <i3dMapping id="exactFillRootNode" node="1>5|2|0" />
        <i3dMapping id="infoTrigger" node="1>5|3" />		
        <i3dMapping id="markerUnloading" node="1>7" />
        <i3dMapping id="markerLoading" node="1>6" />
		<i3dMapping id="storage" node="1>5|4" />	
        <i3dMapping id="clearArea1Start" node="1>0|0" />
        <i3dMapping id="clearArea1Width" node="1>0|0|0" />
        <i3dMapping id="clearArea1Height" node="1>0|0|1" />		
        <i3dMapping id="testArea1Start" node="1>1|0" />
        <i3dMapping id="testArea1End" node="1>1|0|0" />
        <i3dMapping id="tipOcclusionUpdateArea1Start" node="1>3|0" />
        <i3dMapping id="tipOcclusionUpdateArea1End" node="1>3|0|0" />
    </i3dMappings>
</placeable>
