<?xml version="1.0" encoding="utf-8" standalone="no" ?>
<placeable type="silo" xmlns:xsi="http://www.w3.org/2001/XMLSchema-instance" xsi:noNamespaceSchemaLocation="../../../../../shared/xml/schema/placeable.xsd">
    <storeData>
        <name>$l10n_storeItem_liquidManureTank</name>
        <image>$data/placeables/lizard/liquidManureTank/baseTank/store_baseTank.png</image>
        <functions>
            <function>$l10n_function_liquidManureTank</function>
        </functions>
        <price>65000</price>
        <dailyUpkeep>25</dailyUpkeep>
        <lifetime>1000</lifetime>
        <rotation>0</rotation>
        <brand>NONE</brand>
        <species>placeable</species>
        <category>silos</category>
        <brush>
            <type>placeable</type>
            <category>buildings</category>
            <tab>silos</tab>
        </brush>

        <storeIconRendering>
            <settings cameraXRot="-25" advancedBoundingBox="true" />
        </storeIconRendering>
        <audioMemoryUsage>0</audioMemoryUsage>
        <vertexBufferMemoryUsage>542208</vertexBufferMemoryUsage>
        <indexBufferMemoryUsage>99072</indexBufferMemoryUsage>
        <textureMemoryUsage>6356992</textureMemoryUsage>
        <instanceVertexBufferMemoryUsage>0</instanceVertexBufferMemoryUsage>
        <instanceIndexBufferMemoryUsage>0</instanceIndexBufferMemoryUsage>
    </storeData>

    <base>
        <filename>TankWithoutCeiling.i3d</filename>
        <canBeRenamed>true</canBeRenamed>
        <boughtWithFarmland>true</boughtWithFarmland>
    </base>

    <placement useRandomYRotation="false" useManualYRotation="true" >
        <testAreas>
            <testArea startNode="testArea1Start" endNode="testArea1End" />
            <testArea startNode="testArea2Start" endNode="testArea2End" />
            <testArea startNode="testArea3Start" endNode="testArea3End" />
            <testArea startNode="testArea4Start" endNode="testArea4End" />
            <testArea startNode="testArea5Start" endNode="testArea5End" />
        </testAreas>

        <sounds>
            <place template="smallImp" />
        </sounds>
    </placement>

    <clearAreas>
        <clearArea startNode="clearArea1Start" widthNode="clearArea1Width" heightNode="clearArea1Height"/>
        <clearArea startNode="clearArea2Start" widthNode="clearArea2Width" heightNode="clearArea2Height"/>
        <clearArea startNode="clearArea3Start" widthNode="clearArea3Width" heightNode="clearArea3Height"/>
        <clearArea startNode="clearArea4Start" widthNode="clearArea4Width" heightNode="clearArea4Height"/>
        <clearArea startNode="clearArea5Start" widthNode="clearArea5Width" heightNode="clearArea5Height"/>
    </clearAreas>

    <leveling requireLeveling="true" maxSmoothDistance="10" maxSlope="75" maxEdgeAngle="30">
        <levelAreas>
            <levelArea startNode="levelArea1Start" widthNode="levelArea1Width" heightNode="levelArea1Height" groundType="asphalt"/>
            <levelArea startNode="levelArea1Start" widthNode="levelArea1Width" heightNode="levelArea1Height" groundType="asphalt"/>
            <levelArea startNode="levelArea1Start" widthNode="levelArea1Width" heightNode="levelArea1Height" groundType="asphalt"/>
            <levelArea startNode="levelArea1Start" widthNode="levelArea1Width" heightNode="levelArea1Height" groundType="asphalt"/>			
        </levelAreas>
    </leveling>

    <indoorAreas/>

    <tipOcclusionUpdateAreas>
        <tipOcclusionUpdateArea startNode="tipOcclusionUpdateArea1Start" endNode="tipOcclusionUpdateArea1End" />
    </tipOcclusionUpdateAreas>

    <ai>
        <updateAreas>
            <updateArea startNode="tipOcclusionUpdateArea1Start" endNode="tipOcclusionUpdateArea1End" />
        </updateAreas>
    </ai>

    <infoTrigger triggerNode="infoTrigger"/>

    <silo>
        <loadingStation node="loadingTrigger" supportsExtension="true" storageRadius="70">
            <loadTrigger triggerNode="loadingTrigger" fillLitersPerSecond="2000" dischargeNode="dischargeNode" fillTypes="LIQUIDMANURE DIGESTATE" aiNode="aiNodeLoading">
                <effectNode effectNode="pipeEffect"      materialType="pipe"           fadeTime="0.5" scale="1 1 1" />
                <effectNode effectNode="pipeEffectSmoke" materialType="unloadingSmoke" fadeTime="0.5" />
            </loadTrigger>
        </loadingStation>

        <unloadingStation supportsExtension="true" storageRadius="50" >
            <unloadTrigger exactFillRootNode="exactFillRootNode" fillTypes="LIQUIDMANURE DIGESTATE" aiNode="aiNodeLoading"/>
        </unloadingStation>

        <storages>
            <storage node="storage" fillTypes="LIQUIDMANURE DIGESTATE" capacity="500000" isExtension="true">
                <fillPlane fillType="LIQUIDMANURE" node="slurryPit_fillPlane" minY="0" maxY="0.25" />
            </storage>
        </storages>
    </silo>

    <hotspots>
        <hotspot type="LOADING" linkNode="mapPosition" />
    </hotspots>

    <triggerMarkers>
        <triggerMarker node="markerLoading"   filename="$data/shared/assets/marker/markerIcons.xml" id="LOAD" />
        <triggerMarker node="markerUnloading" filename="$data/shared/assets/marker/markerIcons.xml" id="UNLOAD" />
    </triggerMarkers>

    <i3dMappings>
        <i3dMapping id="visualFillTower" node="0>4" />
        <i3dMapping id="decals" node="0>4|0" />
        <i3dMapping id="visualGuardRail" node="0>5" />
        <i3dMapping id="mapPosition" node="1>0|0" />
        <i3dMapping id="storage" node="1>0|1" />
        <i3dMapping id="slurryPit_fillPlane" node="1>0|1|0" />
        <i3dMapping id="loadingStation" node="1>0|2" />
        <i3dMapping id="loadingTrigger" node="1>0|2|0|0" />
        <i3dMapping id="dischargeNode" node="1>0|2|0|1" />
        <i3dMapping id="aiNodeLoading" node="1>0|2|0|2" />
        <i3dMapping id="unloadingStation" node="1>0|3" />
        <i3dMapping id="exactFillRootNode" node="1>0|3|0" />
        <i3dMapping id="infoTrigger" node="1>0|4" />
        <i3dMapping id="pipeEffect" node="1>0|5|0" />
        <i3dMapping id="pipeEffectSmoke" node="1>0|5|1" />	
        <i3dMapping id="clearArea1Start" node="1>1|0" />
        <i3dMapping id="clearArea1Width" node="1>1|0|0" />
        <i3dMapping id="clearArea1Height" node="1>1|0|1" />
        <i3dMapping id="clearArea2Start" node="1>1|1" />
        <i3dMapping id="clearArea2Width" node="1>1|1|0" />
        <i3dMapping id="clearArea2Height" node="1>1|1|1" />
        <i3dMapping id="clearArea3Start" node="1>1|2" />
        <i3dMapping id="clearArea3Width" node="1>1|2|0" />
        <i3dMapping id="clearArea3Height" node="1>1|2|1" />
        <i3dMapping id="clearArea4Start" node="1>1|3" />
        <i3dMapping id="clearArea4Width" node="1>1|3|0" />
        <i3dMapping id="clearArea4Height" node="1>1|3|1" />
        <i3dMapping id="clearArea5Start" node="1>1|4" />
        <i3dMapping id="clearArea5Width" node="1>1|4|0" />
        <i3dMapping id="clearArea5Height" node="1>1|4|1" />
        <i3dMapping id="testArea1Start" node="1>2|0" />
        <i3dMapping id="testArea1End" node="1>2|0|0" />
        <i3dMapping id="testArea2Start" node="1>2|1" />
        <i3dMapping id="testArea2End" node="1>2|1|0" />
        <i3dMapping id="testArea3Start" node="1>2|2" />
        <i3dMapping id="testArea3End" node="1>2|2|0" />
        <i3dMapping id="testArea4Start" node="1>2|3" />
        <i3dMapping id="testArea4End" node="1>2|3|0" />
        <i3dMapping id="testArea5Start" node="1>2|4" />
        <i3dMapping id="testArea5End" node="1>2|4|0" />
        <i3dMapping id="tipOcclusionUpdateArea1Start" node="1>3" />
        <i3dMapping id="tipOcclusionUpdateArea1End" node="1>3|0" />
        <i3dMapping id="markerUnloading" node="1>4" />
        <i3dMapping id="markerLoading" node="1>5" />
        <i3dMapping id="collisionFillTower" node="1>6|1" />
        <i3dMapping id="levelArea1Start" node="1>7|0" />
        <i3dMapping id="levelArea1Width" node="1>7|0|0" />
        <i3dMapping id="levelArea1Height" node="1>7|0|1" />		
        <i3dMapping id="levelArea2Start" node="1>7|1" />
        <i3dMapping id="levelArea2Width" node="1>7|1|0" />
        <i3dMapping id="levelArea2Height" node="1>7|1|1" />	
        <i3dMapping id="levelArea3Start" node="1>7|2" />
        <i3dMapping id="levelArea3Width" node="1>7|2|0" />
        <i3dMapping id="levelArea3Height" node="1>7|2|1" />	
        <i3dMapping id="levelArea4Start" node="1>7|3" />
        <i3dMapping id="levelArea4Width" node="1>7|3|0" />
        <i3dMapping id="levelArea4Height" node="1>7|3|1" />	
    </i3dMappings>
</placeable>
