<?xml version="1.0" encoding="utf-8" standalone="no" ?>
<wheel>
    <default>
        <physics radius="0.73" width="0.54" mass="0.182" tireType="mud" frictionScale="1.60" maxLongStiffness="8" maxLatStiffness="100" maxLatStiffnessLoad="2" />
        <tire filename="$data/shared/wheels/tires/michelin/axioBib2/R30_axioBib2.i3d" nodeLeft="0|0" nodeRight="0|0" maxDeformation="0.07" isCareWheel="false" tireTrackAtlasIndex="0" />
        <outerRim filename="$data/shared/wheels/rims/rim001.i3d" node="0|0" widthAndDiam="18 30" />
        <innerRim filename="$data/shared/wheels/rims/rim001.i3d" nodeLeft="2|0" nodeRight="2|1" widthAndDiam="18 30" />
    </default>
    <configurations>
        <configuration id="vf" >
            <outerRim node="1|0" />
            <innerRim filename="$data/shared/wheels/rims/rim005.i3d" nodeLeft="1|0" nodeRight="1|1" offset="-0.05"/>
        </configuration>
        <configuration id="dual" >
            <innerRim filename="-" nodeLeft="-" nodeRight="-" widthAndDiam="-" />
        </configuration>
        <configuration id="weight1" >
            <additional filename="$data/shared/wheels/weights/weight001.i3d" nodeLeft="0|0" nodeRight="0|1" offset="0.05" scale="0.45 0.55 0.55" mass="0.6" />
        </configuration>
    </configurations>	
</wheel>
