<?xml version="1.0" encoding="utf-8" standalone="no" ?>
<wheel>
    <default>
        <physics radius="0.96" width="0.65" mass="0.3" tireType="mud" frictionScale="1.60" maxLongStiffness="8" maxLatStiffness="100" maxLatStiffnessLoad="2" />
        <tire filename="$data/shared/wheels/tires/michelin/axioBib2/R42_axioBib2.i3d" nodeLeft="0|0" nodeRight="0|0" maxDeformation="0.085" isCareWheel="false" tireTrackAtlasIndex="0" />
        <outerRim filename="$data/shared/wheels/rims/rim001.i3d" node="1|0" widthAndDiam="23 42" />
        <innerRim filename="$data/shared/wheels/rims/rim001.i3d" nodeLeft="3|0" nodeRight="3|1" widthAndDiam="23 42" />
    </default>
    <configurations>
        <configuration id="vf" >
            <outerRim node="1|0" />
            <innerRim filename="$data/shared/wheels/rims/rim005.i3d" nodeLeft="1|0" nodeRight="1|1" offset="-0.065"/>
        </configuration>
        <configuration id="150" >
            <innerRim filename="$data/shared/wheels/rims/rim001.i3d" nodeLeft="3|0" nodeRight="3|1" offset="-0.225" scale="2 1 1"/>
        </configuration>
        <configuration id="dual" >
            <innerRim filename="-" nodeLeft="-" nodeRight="-" widthAndDiam="-" />
        </configuration>
        <configuration id="weight3" >
            <additional filename="$data/shared/wheels/weights/weight003.i3d" nodeLeft="0|0" nodeRight="0|1" offset="0.05" scale="0.45 0.75 0.75" mass="0.6" />
        </configuration>
    </configurations>	
</wheel>
