﻿<?xml version="1.0" encoding="utf-8" standalone="no" ?>
<modDesc descVersion="80">
    <author>GlengarBoy - Eire Agri Modding</author>
    <version>1.0.0.0</version>
    <title>
        <en>Mud System For BallySpring</en>
        <de>Schlammsystem Für BallySpring</de>
    </title>
    <description>
<en>
<![CDATA[
Mud system info layers for the BallySpring mod map.
If you play with the mud system mod and want mud to spawn in all the gateways and dirt piles around the edge of some of the fields,
this mod will enable that functionality.
]]>
</en>
<de>
<![CDATA[
Schlammsystem-Infoebenen für die BallySpring Mod Map.
Wenn Sie mit dem Schlammsystem-Mod spielen und möchten, dass Schlamm in allen Toren und Schmutzhaufen am Rand einiger Felder laicht,
dieser Mod wird diese Funktionalität aktivieren.
]]>
</de>
    </description>
    <iconFilename>icon_ballySpringMudSystem.dds</iconFilename>
    <multiplayer supported="true" />
    <dependencies>
        <dependency>FS22_mudSystem</dependency>
    </dependencies>
</modDesc>
