﻿<?xml version="1.0" encoding="utf-8" standalone="no"?>
<vehicle type="trailer" xmlns:xsi="http://www.w3.org/2001/XMLSchema-instance" xsi:noNamespaceSchemaLocation="../../../../shared/xml/schema/vehicle.xsd">
    <annotation>Copyright (C) GIANTS Software GmbH, All Rights Reserved.</annotation>

    <storeData>
<name>
<en>Bennette PINDER</en>
<fr>Bennette PINDER</fr>  
<de>Bennette PINDER</de>
</name>
        <specs>
        <combination filterCategory="weights" filterSpec="weight" filterSpecMin="650" filterSpecMax="1100"/>
        </specs>		
        <functions>
        <function>$l10n_function_tipper</function>
        </functions>		
        <image>store_Bennette_PINDER.dds</image>
        <price>3500</price>
        <lifetime>900</lifetime>
        <rotation>0</rotation>
        <brand>PINDER</brand>
        <category>misc</category>
        <vertexBufferMemoryUsage>432384</vertexBufferMemoryUsage>
        <indexBufferMemoryUsage>80128</indexBufferMemoryUsage>
        <textureMemoryUsage>1376256</textureMemoryUsage>
        <audioMemoryUsage>0</audioMemoryUsage>
        <instanceVertexBufferMemoryUsage>0</instanceVertexBufferMemoryUsage>
        <instanceIndexBufferMemoryUsage>0</instanceIndexBufferMemoryUsage>
    </storeData>	
	
	
    <base>
        <typeDesc>$l10n_typeDesc_Joskin</typeDesc>
    <filename>Bennette_PINDER.i3d</filename>
        <size width="3.0" length="3.0"/>
        <components>
            <component centerOfMass="0 0.2 0" solverIterationCount="10" mass="500"/>		
        </components>
        <schemaOverlay attacherJointPosition="0 0" name="IMPLEMENT" />
        <mapHotspot type="TRAILER" />
        <sounds volumeFactor="1.7"/>
    </base>	
	
    <wheels>
    </wheels>
    <attachable>
        <inputAttacherJoints>
            <inputAttacherJoint node="attacherJoint" jointType="implement" topReferenceNode="topReferencePoint" allowsLowering="true" lowerRotLimitScale="0 0 0" upperRotationOffset="8" lowerRotationOffset="0"   >
                <distanceToGround lower="0.05" upper="1.0" />
            </inputAttacherJoint>
        </inputAttacherJoints>
    </attachable>
	
		
    <animations>
		<!-- backtipping -->
        <animation name="tipAnimationBack">
            <part node="mainTool"      startTime="1" endTime="5"   startRot="0 0 0"   endRot="-50 0 0" />
            <part node="effectJointAnim"      startTime="1" endTime="5"   startRot="0 0 0"   endRot="50 0 0" />		

            <sound template="hydraulicLayerTone" startTime="1.01" endTime="4.99" volumeScale="1.1" pitchScale="0.8" />
            <sound template="clackVar6"          startTime="1.01" direction="1"  volumeScale="1.1" pitchScale="0.8" />
            <sound template="clackVar6"          startTime="4.9"  direction="1"  volumeScale="0.8" pitchScale="0.7" />
            <sound template="sheetImp02"         startTime="4.9"  direction="1"  volumeScale="2"   pitchScale="0.7" />
            <sound template="clackVar6"          startTime="4.99" direction="-1" volumeScale="0.7" pitchScale="0.8" />
            <sound template="foldStartMed02"     startTime="1.1"  direction="-1" volumeScale="1.7" pitchScale="0.7" />				
        </animation>		
		
		
        <animation name="backDoorAnim">
            <part node="backDoor"      startTime="0" endTime="1"   startRot="0 0 0"   endRot="-90 0 0" />
            <part node="MOVE" startTime="0" endTime="0.001" visibility="true"/>
            <part node="MOVE" startTime="0.001" endTime="1.0" visibility="false"/>
            <part node="Chain13" startTime="0.0" endTime="0.2"  startRot="-17.727 10.081 0" endRot="0 0 0" />
            <part node="Chain12" startTime="0.0" endTime="0.2"  startRot="0 0 0" endRot="0 0 0" />
            <part node="Chain11" startTime="0.0" endTime="0.2"  startRot="0 0 0" endRot="0 0 0" />
            <part node="Chain10" startTime="0.0" endTime="0.2"  startRot="0 0 0" endRot="0 0 0" />
            <part node="Chain09" startTime="0.0" endTime="0.2"  startRot="0 -8.805 0" endRot="0 0 0" />
            <part node="Chain08" startTime="0.0" endTime="0.2"  startRot="-48.283 0 0" endRot="-48.283 0 0" />
            <part node="Chain07" startTime="0.0" endTime="0.2"  startRot="-72.993 0 0" endRot="-66.546 0 0" />	
            <part node="Chain06" startTime="0.0" endTime="0.2"  startRot="-70.79 0 0" endRot="-53.004 0 0" />
            <part node="Chain05" startTime="0.0" endTime="0.2"  startRot="0 0 0" endRot="0 0 0" />
            <part node="Chain04" startTime="0.0" endTime="0.2"  startRot="0 0 0" endRot="0 0 0" />
            <part node="Chain03" startTime="0.0" endTime="0.2"  startRot="0 0 0" endRot="0 0 0" />
            <part node="Chain02" startTime="0.0" endTime="0.2"  startRot="0 0 0" endRot="0 0 0" />	
            <part node="Chain01" startTime="0.0" endTime="0.2"  startRot="-90.831 0 180" endRot="-90.831 0 180" />	
            <part node="Chain13" startTime="0.2" endTime="0.4"  startRot="0 0 0" endRot="0 0 0" />
            <part node="Chain12" startTime="0.2" endTime="0.4"  startRot="0 0 0" endRot="0 0 0" />
            <part node="Chain11" startTime="0.2" endTime="0.4"  startRot="0 0 0" endRot="0 0 0" />
            <part node="Chain10" startTime="0.2" endTime="0.4"  startRot="0 0 0" endRot="0 0 0" />
            <part node="Chain09" startTime="0.2" endTime="0.4"  startRot="0 0 0" endRot="0 0 0" />
            <part node="Chain08" startTime="0.2" endTime="0.4"  startRot="-48.283 0 0" endRot="-41.157 0 0" />
            <part node="Chain07" startTime="0.2" endTime="0.4"  startRot="-66.546 0 0" endRot="-42.576 0 0" />	
            <part node="Chain06" startTime="0.2" endTime="0.4"  startRot="-53.004 0 0" endRot="-55.253 0 0" />
            <part node="Chain05" startTime="0.2" endTime="0.4"  startRot="0 0 0" endRot="0 0 0" />
            <part node="Chain04" startTime="0.2" endTime="0.4"  startRot="0 0 0" endRot="0 0 0" />
            <part node="Chain03" startTime="0.2" endTime="0.4"  startRot="0 0 0" endRot="0 0 0" />
            <part node="Chain02" startTime="0.2" endTime="0.4"  startRot="0 0 0" endRot="0 0 0" />	
            <part node="Chain01" startTime="0.2" endTime="0.4"  startRot="-90.831 0 180" endRot="-94.44 0 180" />	
            <part node="Chain13" startTime="0.4" endTime="0.6"  startRot="0 0 0" endRot="0 0 0" />
            <part node="Chain12" startTime="0.4" endTime="0.6"  startRot="0 0 0" endRot="0 0 0" />
            <part node="Chain11" startTime="0.4" endTime="0.6"  startRot="0 0 0" endRot="0 0 0" />
            <part node="Chain10" startTime="0.4" endTime="0.6"  startRot="0 0 0" endRot="0 0 0" />
            <part node="Chain09" startTime="0.4" endTime="0.6"  startRot="0 0 0" endRot="0 0 0" />
            <part node="Chain08" startTime="0.4" endTime="0.6"  startRot="-41.157 0 0" endRot="-34.208 0 0" />
            <part node="Chain07" startTime="0.4" endTime="0.6"  startRot="-42.576 0 0" endRot="-29.148 0 0" />	
            <part node="Chain06" startTime="0.4" endTime="0.6"  startRot="-55.253 0 0" endRot="-46.361 0 0" />
            <part node="Chain05" startTime="0.4" endTime="0.6"  startRot="0 0 0" endRot="0 0 0" />
            <part node="Chain04" startTime="0.4" endTime="0.6"  startRot="0 0 0" endRot="0 0 0" />
            <part node="Chain03" startTime="0.4" endTime="0.6"  startRot="0 0 0" endRot="0 0 0" />
            <part node="Chain02" startTime="0.4" endTime="0.6"  startRot="0 0 0" endRot="0 0 0" />	
            <part node="Chain01" startTime="0.4" endTime="0.6"  startRot="-94.44 0 180" endRot="-99.074 0 180" />	
            <part node="Chain13" startTime="0.6" endTime="0.8"  startRot="0 0 0" endRot="0 0 0" />
            <part node="Chain12" startTime="0.6" endTime="0.8"  startRot="0 0 0" endRot="0 0 0" />
            <part node="Chain11" startTime="0.6" endTime="0.8"  startRot="0 0 0" endRot="0 0 0" />
            <part node="Chain10" startTime="0.6" endTime="0.8"  startRot="0 0 0" endRot="0 0 0" />
            <part node="Chain09" startTime="0.6" endTime="0.8"  startRot="0 0 0" endRot="0 0 0" />
            <part node="Chain08" startTime="0.6" endTime="0.8"  startRot="-34.208 0 0" endRot="-19.546 0 0" />
            <part node="Chain07" startTime="0.6" endTime="0.8"  startRot="-29.148 0 0" endRot="-19.406 0 0" />	
            <part node="Chain06" startTime="0.6" endTime="0.8"  startRot="-46.361 0 0" endRot="-34.698 0 0" />
            <part node="Chain05" startTime="0.6" endTime="0.8"  startRot="0 0 0" endRot="0 0 0" />
            <part node="Chain04" startTime="0.6" endTime="0.8"  startRot="0 0 0" endRot="0 0 0" />
            <part node="Chain03" startTime="0.6" endTime="0.8"  startRot="0 0 0" endRot="0 0 0" />
            <part node="Chain02" startTime="0.6" endTime="0.8"  startRot="0 0 0" endRot="0 0 0" />	
            <part node="Chain01" startTime="0.6" endTime="0.8"  startRot="-99.074 0 180" endRot="-109.273 0 180" />	
            <part node="Chain13" startTime="0.8" endTime="1.0"  startRot="0 0 0" endRot="0 0 0" />
            <part node="Chain12" startTime="0.8" endTime="1.0"  startRot="0 0 0" endRot="0 0 0" />
            <part node="Chain11" startTime="0.8" endTime="1.0"  startRot="0 0 0" endRot="0 0 0" />
            <part node="Chain10" startTime="0.8" endTime="1.0"  startRot="0 0 0" endRot="0 0 0" />
            <part node="Chain09" startTime="0.8" endTime="1.0"  startRot="0 0 0" endRot="0 0 0" />
            <part node="Chain08" startTime="0.8" endTime="1.0"  startRot="-19.546 0 0" endRot="0 0 0" />
            <part node="Chain07" startTime="0.8" endTime="1.0"  startRot="-19.406 0 0" endRot="0 0 0" />	
            <part node="Chain06" startTime="0.8" endTime="1.0"  startRot="-34.698 0 0" endRot="0 0 0" />
            <part node="Chain05" startTime="0.8" endTime="1.0"  startRot="0 0 0" endRot="0 0 0" />
            <part node="Chain04" startTime="0.8" endTime="1.0"  startRot="0 0 0" endRot="0 0 0" />
            <part node="Chain03" startTime="0.8" endTime="1.0"  startRot="0 0 0" endRot="0 0 0" />
            <part node="Chain02" startTime="0.8" endTime="1.0"  startRot="0 0 0" endRot="0 0 0" />	
            <part node="Chain01" startTime="0.8" endTime="1.0"  startRot="-109.273 0 180" endRot="-139.355 0 180" />	

            <part node="Chain26" startTime="0.0" endTime="0.2"  startRot="-17.727 -10.081 0" endRot="0 0 0" />
            <part node="Chain25" startTime="0.0" endTime="0.2"  startRot="0 0 0" endRot="0 0 0" />
            <part node="Chain24" startTime="0.0" endTime="0.2"  startRot="0 0 0" endRot="0 0 0" />
            <part node="Chain23" startTime="0.0" endTime="0.2"  startRot="0 0 0" endRot="0 0 0" />
            <part node="Chain22" startTime="0.0" endTime="0.2"  startRot="0 8.805 0" endRot="0 0 0" />
            <part node="Chain21" startTime="0.0" endTime="0.2"  startRot="-48.283 0 0" endRot="-48.283 0 0" />
            <part node="Chain20" startTime="0.0" endTime="0.2"  startRot="-72.993 0 0" endRot="-66.546 0 0" />	
            <part node="Chain19" startTime="0.0" endTime="0.2"  startRot="-70.79 0 0" endRot="-53.004 0 0" />
            <part node="Chain18" startTime="0.0" endTime="0.2"  startRot="0 0 0" endRot="0 0 0" />
            <part node="Chain17" startTime="0.0" endTime="0.2"  startRot="0 0 0" endRot="0 0 0" />
            <part node="Chain16" startTime="0.0" endTime="0.2"  startRot="0 0 0" endRot="0 0 0" />
            <part node="Chain15" startTime="0.0" endTime="0.2"  startRot="0 0 0" endRot="0 0 0" />	
            <part node="Chain14" startTime="0.0" endTime="0.2"  startRot="-90.831 0 180" endRot="-90.831 0 180" />	
            <part node="Chain26" startTime="0.2" endTime="0.4"  startRot="0 0 0" endRot="0 0 0" />
            <part node="Chain25" startTime="0.2" endTime="0.4"  startRot="0 0 0" endRot="0 0 0" />
            <part node="Chain24" startTime="0.2" endTime="0.4"  startRot="0 0 0" endRot="0 0 0" />
            <part node="Chain23" startTime="0.2" endTime="0.4"  startRot="0 0 0" endRot="0 0 0" />
            <part node="Chain22" startTime="0.2" endTime="0.4"  startRot="0 0 0" endRot="0 0 0" />
            <part node="Chain21" startTime="0.2" endTime="0.4"  startRot="-48.283 0 0" endRot="-41.157 0 0" />
            <part node="Chain20" startTime="0.2" endTime="0.4"  startRot="-66.546 0 0" endRot="-42.576 0 0" />	
            <part node="Chain19" startTime="0.2" endTime="0.4"  startRot="-53.004 0 0" endRot="-55.253 0 0" />
            <part node="Chain18" startTime="0.2" endTime="0.4"  startRot="0 0 0" endRot="0 0 0" />
            <part node="Chain17" startTime="0.2" endTime="0.4"  startRot="0 0 0" endRot="0 0 0" />
            <part node="Chain16" startTime="0.2" endTime="0.4"  startRot="0 0 0" endRot="0 0 0" />
            <part node="Chain15" startTime="0.2" endTime="0.4"  startRot="0 0 0" endRot="0 0 0" />	
            <part node="Chain14" startTime="0.2" endTime="0.4"  startRot="-90.831 0 180" endRot="-94.44 0 180" />	
            <part node="Chain26" startTime="0.4" endTime="0.6"  startRot="0 0 0" endRot="0 0 0" />
            <part node="Chain25" startTime="0.4" endTime="0.6"  startRot="0 0 0" endRot="0 0 0" />
            <part node="Chain24" startTime="0.4" endTime="0.6"  startRot="0 0 0" endRot="0 0 0" />
            <part node="Chain23" startTime="0.4" endTime="0.6"  startRot="0 0 0" endRot="0 0 0" />
            <part node="Chain22" startTime="0.4" endTime="0.6"  startRot="0 0 0" endRot="0 0 0" />
            <part node="Chain21" startTime="0.4" endTime="0.6"  startRot="-41.157 0 0" endRot="-34.208 0 0" />
            <part node="Chain20" startTime="0.4" endTime="0.6"  startRot="-42.576 0 0" endRot="-29.148 0 0" />	
            <part node="Chain19" startTime="0.4" endTime="0.6"  startRot="-55.253 0 0" endRot="-46.361 0 0" />
            <part node="Chain18" startTime="0.4" endTime="0.6"  startRot="0 0 0" endRot="0 0 0" />
            <part node="Chain17" startTime="0.4" endTime="0.6"  startRot="0 0 0" endRot="0 0 0" />
            <part node="Chain16" startTime="0.4" endTime="0.6"  startRot="0 0 0" endRot="0 0 0" />
            <part node="Chain15" startTime="0.4" endTime="0.6"  startRot="0 0 0" endRot="0 0 0" />	
            <part node="Chain14" startTime="0.4" endTime="0.6"  startRot="-94.44 0 180" endRot="-99.074 0 180" />	
            <part node="Chain26" startTime="0.6" endTime="0.8"  startRot="0 0 0" endRot="0 0 0" />
            <part node="Chain25" startTime="0.6" endTime="0.8"  startRot="0 0 0" endRot="0 0 0" />
            <part node="Chain24" startTime="0.6" endTime="0.8"  startRot="0 0 0" endRot="0 0 0" />
            <part node="Chain23" startTime="0.6" endTime="0.8"  startRot="0 0 0" endRot="0 0 0" />
            <part node="Chain22" startTime="0.6" endTime="0.8"  startRot="0 0 0" endRot="0 0 0" />
            <part node="Chain21" startTime="0.6" endTime="0.8"  startRot="-34.208 0 0" endRot="-19.546 0 0" />
            <part node="Chain20" startTime="0.6" endTime="0.8"  startRot="-29.148 0 0" endRot="-19.406 0 0" />	
            <part node="Chain19" startTime="0.6" endTime="0.8"  startRot="-46.361 0 0" endRot="-34.698 0 0" />
            <part node="Chain18" startTime="0.6" endTime="0.8"  startRot="0 0 0" endRot="0 0 0" />
            <part node="Chain17" startTime="0.6" endTime="0.8"  startRot="0 0 0" endRot="0 0 0" />
            <part node="Chain16" startTime="0.6" endTime="0.8"  startRot="0 0 0" endRot="0 0 0" />
            <part node="Chain15" startTime="0.6" endTime="0.8"  startRot="0 0 0" endRot="0 0 0" />	
            <part node="Chain14" startTime="0.6" endTime="0.8"  startRot="-99.074 0 180" endRot="-109.273 0 180" />	
            <part node="Chain26" startTime="0.8" endTime="1.0"  startRot="0 0 0" endRot="0 0 0" />
            <part node="Chain25" startTime="0.8" endTime="1.0"  startRot="0 0 0" endRot="0 0 0" />
            <part node="Chain24" startTime="0.8" endTime="1.0"  startRot="0 0 0" endRot="0 0 0" />
            <part node="Chain23" startTime="0.8" endTime="1.0"  startRot="0 0 0" endRot="0 0 0" />
            <part node="Chain22" startTime="0.8" endTime="1.0"  startRot="0 0 0" endRot="0 0 0" />
            <part node="Chain21" startTime="0.8" endTime="1.0"  startRot="-19.546 0 0" endRot="0 0 0" />
            <part node="Chain20" startTime="0.8" endTime="1.0"  startRot="-19.406 0 0" endRot="0 0 0" />	
            <part node="Chain19" startTime="0.8" endTime="1.0"  startRot="-34.698 0 0" endRot="0 0 0" />
            <part node="Chain18" startTime="0.8" endTime="1.0"  startRot="0 0 0" endRot="0 0 0" />
            <part node="Chain17" startTime="0.8" endTime="1.0"  startRot="0 0 0" endRot="0 0 0" />
            <part node="Chain16" startTime="0.8" endTime="1.0"  startRot="0 0 0" endRot="0 0 0" />
            <part node="Chain15" startTime="0.8" endTime="1.0"  startRot="0 0 0" endRot="0 0 0" />	
            <part node="Chain14" startTime="0.8" endTime="1.0"  startRot="-109.273 0 180" endRot="-139.355 0 180" />

            <sound template="metalLowVar2"          startTime="0.03"  direction="-1" volumeScale="2.5" pitchScale="1.2"/>
            <sound template="metalLowVar3"          startTime="0.04"  direction="-1" volumeScale="2.5" pitchScale="0.6"/>
            <sound template="hingeMedium"           startTime="0.05"  direction="1"  volumeScale="2"   pitchScale="0.3"/>
            <sound template="metalLowVar2"          startTime="0.06"  direction="1"  volumeScale="0.4" pitchScale="0.9"/>
            <sound template="metalLowVar2"          startTime="0.99" direction="1"  volumeScale="2.0" pitchScale="0.9"/>
            <sound template="clackVar6"             startTime="0.99" direction="1"  volumeScale="1.2" pitchScale="0.6"/>



		
        </animation>				
    </animations>		
    <cylindered>
    <movingTools>		
		<!-- backTipping -->		
        <movingTool node="mainTool" playSound="true">
            <inputAttacherJoint value="true" />
            <dependentPart node="movingTool1" />
            <dependentPart node="dep1" />
            <dependentPart node="dep3" />			
        </movingTool>
            <movingTool node="backDoor" fillUnitIndex="1" minFillLevel="0" maxFillLevel="0">
                <controls axis="AXIS_DOOR" invertAxis="true" mouseSpeedFactor="0.5" iconName="TOP_DOOR_ROTATE"/>
                <animation animSpeed="1" animAcceleration="5" animName="backDoorAnim" />
            </movingTool>		
    </movingTools>
    <movingParts>  		
		<movingPart node="movingTool1" referencePoint="movingTool3" referenceFrame="movingTool3">
            <translatingPart node="movingPart1" />
            <dependentPart node="dep1" />
            <dependentPart node="dep3" />			
        </movingPart>
            <movingPart node="effectJointAnim" referenceFrame="0>"/>
			<movingPart node="dep1" referencePoint="dep2" referenceFrame="dep2" scaleZ="true" />	
			<movingPart node="dep3" referencePoint="dep4" referenceFrame="dep4" scaleZ="true" />	
        </movingParts>	
		
    </cylindered>
			

    <fillUnit>
        <fillUnitConfigurations>
            <fillUnitConfiguration>
                <fillUnits>
                    <fillUnit shopDisplayUnit="CUBICMETER" fillTypeCategories="BULK" capacity="3000" allowAILoading="true"  fillAnimation="backDoorAnim" fillAnimationLoadTime="0">
                        <exactFillRootNode node="exactFillRoot" />
                    </fillUnit>
                </fillUnits>
            </fillUnitConfiguration>
        </fillUnitConfigurations>
    </fillUnit>


    <fillVolume>
        <fillVolumeConfigurations>
            <fillVolumeConfiguration>
                <volumes>
                    <volume node="volume" maxDelta="0.40" maxAllowedHeapAngle="8" fillUnitIndex="1" />								
                </volumes>
            </fillVolumeConfiguration>			
        </fillVolumeConfigurations>

        <unloadInfos>
            <unloadInfo fillVolumeIndex="1" >
                <node node="fillVolume1" width="0.4" length="0.4" />			
            </unloadInfo>			
        </unloadInfos>

    </fillVolume>
	
    <dischargeable>
        <dischargeNode node="dischargeable" emptySpeed="450" fillUnitIndex="1" unloadInfoIndex="1" allowAIDischarge="true">
            <info width="2.0" length="0.5" />
            <effects>
                <effectNode effectClass="TipEffect">
                    <effectNode effectNode="effectParticleBack" effectClass="ParticleEffect" materialType="unloadingParticle"/>
                    <effectNode effectNode="effectGrainBack" materialType="unloading" fadeTime="0.5"/>
                </effectNode>
                <effectNode effectNode="effectSmokeBack" materialType="unloadingSmoke" fadeTime="0.5" />
            </effects>
        </dischargeNode>
    </dischargeable>
    <trailer>
        <trailerConfigurations>
            <trailerConfiguration>
                <trailer>
                    <tipSide name="$l10n_info_tipSideBack" dischargeNodeIndex="1">
                        <animation name="tipAnimationBack" speedScale="1.0" />
                        <doorAnimation name="backDoorAnim" speedScale="1.0" startTipTime="1" delayedClosing="true"/>
                    </tipSide>
                </trailer>
            </trailerConfiguration>
        </trailerConfigurations>
    </trailer>
	
		
    <ai>
        <allowTurnBackward value="false"/>
        <turningRadiusLimitation radius="9"/>
    </ai>
    <tensionBelts>
        <tensionBeltsConfigurations>
            <tensionBeltsConfiguration>
                <tensionBelts linkNode="tensionBelts" jointNode="0>" maxEdgeLength="0.1" geometryBias="0.01" ratchetPosition="0.2" defaultOffset="0.1" defaultOffsetSide="0.1" defaultHeight="4" activationTrigger="beltActivationTrigger">
                    <tensionBelt startNode="tensionBeltStart1" endNode="tensionBeltEnd1" offsetLeft="0.2" />
                    <tensionBelt startNode="tensionBeltStart2" endNode="tensionBeltEnd2" />
                    <sounds>
                        <addBelt template="beltOpen" />
                        <removeBelt template="beltClose" />
                    </sounds>
                </tensionBelts>
            </tensionBeltsConfiguration>
        </tensionBeltsConfigurations>
    </tensionBelts>	
	<connectionHoses>
        <hose inputAttacherJointIndices="1" type="hydraulicIn" node="hydraulicIN01" length="0.1" diameter="0.02" straighteningFactor="1.5">
           <objectChange node="hydraulicIn01_detached" visibilityActive="false" visibilityInactive="true"/>
        </hose>
        <hose inputAttacherJointIndices="1" type="hydraulicOut" node="hydraulicIN02" length="0.1" diameter="0.02" straighteningFactor="1.5">
           <objectChange node="hydraulicIn01_detached02" visibilityActive="false" visibilityInactive="true"/>
		</hose>
    </connectionHoses>
		
	<dynamicallyLoadedParts>
        <dynamicallyLoadedPart node="0|0" linkNode="hydraulicIn01Adapter"  filename="$data/shared/connectionHoses/connectors.i3d" />
		<dynamicallyLoadedPart node="0|0" linkNode="hydraulicIn01Adapter1"  filename="$data/shared/connectionHoses/connectors.i3d" />
    </dynamicallyLoadedParts>

	<foliageBending>
        <bendingNode minX="-0.5" maxX="0.5" minZ="-1.29" maxZ="0.834" yOffset="-0.3" />
        <bendingNode minX="-1.42" maxX="1.42" minZ="-0.891" maxZ="1.255" yOffset="-0.3" node="bendingNode" />		
    </foliageBending>		
	
	
	
	
<designConfigurations title="$l10n_configuration_valueForestry">
        <designConfiguration name="$l10n_ui_no" price="0">
            <objectChange node="Design1" visibilityActive="false" />
			<objectChange node="Object01" compoundChildActive="false" compoundChildInactive="true"/>
			<objectChange node="Object02" compoundChildActive="false" compoundChildInactive="true"/>	
			<objectChange node="Object03" compoundChildActive="false" compoundChildInactive="true"/>			
        </designConfiguration>	
        <designConfiguration name="$l10n_ui_yes" price="200">
            <objectChange node="Design1" visibilityActive="true" />			
			<objectChange node="Object01" compoundChildActive="true" compoundChildInactive="false"/>
			<objectChange node="Object02" compoundChildActive="true" compoundChildInactive="false"/>	
			<objectChange node="Object03" compoundChildActive="true" compoundChildInactive="false"/>				
        </designConfiguration>			
</designConfigurations>	
    <wearable wearDuration="480" workMultiplier="5" fieldMultiplier="2"/>
    <washable dirtDuration="90" washDuration="1" workMultiplier="3" fieldMultiplier="2"/>	
    <i3dMappings>
        <i3dMapping id="Joskin_main_component1" node="0>" />	
        <i3dMapping id="attacherMove" node="0>0|1" />		
        <i3dMapping id="attacherJoint" node="0>0|1|0" />	
        <i3dMapping id="topReferencePoint" node="0>0|1|1" />			
        <i3dMapping id="exactFillRoot" node="0>0|6"/>
        <i3dMapping id="mainTool" node="0>0|0" />		
        <i3dMapping id="backDoor" node="0>0|0|0"/>
        <i3dMapping id="movingTool1" node="0>0|4"/>
        <i3dMapping id="movingTool3" node="0>0|0|1"/>		
        <i3dMapping id="movingPart1" node="0>0|4|0" />
        <i3dMapping id="volume" node="0>0|0|3|0"/>
        <i3dMapping id="fillVolume1" node="0>0|0|3|1"/>
        <i3dMapping id="dischargeable" node="0>0|0|4"/>
        <i3dMapping id="effectGrainBack" node="0>0|0|2|0|0" />
        <i3dMapping id="effectSmokeBack" node="0>0|0|2|0|1" />
        <i3dMapping id="effectJointAnim" node="0>0|0|2|0|3" />	
        <i3dMapping id="tensionBelts" node="0>0|0|5" />
        <i3dMapping id="tensionBeltStart1" node="0>0|0|5|0" />
        <i3dMapping id="tensionBeltEnd1" node="0>0|0|5|0|0" />
        <i3dMapping id="tensionBeltStart2" node="0>0|0|5|1" />
        <i3dMapping id="tensionBeltEnd2" node="0>0|0|5|1|0" />	
        <i3dMapping id="beltActivationTrigger" node="0>0|0|5|2" />			
        <i3dMapping id="Design1" node="0>0|0|7" />	
        <i3dMapping id="Object01" node="0>0|0|7|0|0" />	
        <i3dMapping id="Object02" node="0>0|0|7|0|1" />	
        <i3dMapping id="Object03" node="0>0|0|7|0|2" />		
        <i3dMapping id="Chain01" node="0>0|0|9" />	
        <i3dMapping id="Chain02" node="0>0|0|9|0" />	
        <i3dMapping id="Chain03" node="0>0|0|9|0|0" />	
        <i3dMapping id="Chain04" node="0>0|0|9|0|0|0" />	
        <i3dMapping id="Chain05" node="0>0|0|9|0|0|0|0" />	
        <i3dMapping id="Chain06" node="0>0|0|9|0|0|0|0|0" />	
        <i3dMapping id="Chain07" node="0>0|0|9|0|0|0|0|0|0" />	
        <i3dMapping id="Chain08" node="0>0|0|9|0|0|0|0|0|0|0" />	
        <i3dMapping id="Chain09" node="0>0|0|9|0|0|0|0|0|0|0|0" />	
        <i3dMapping id="Chain10" node="0>0|0|9|0|0|0|0|0|0|0|0|0" />	
        <i3dMapping id="Chain11" node="0>0|0|9|0|0|0|0|0|0|0|0|0|0" />	
        <i3dMapping id="Chain12" node="0>0|0|9|0|0|0|0|0|0|0|0|0|0|0" />		
        <i3dMapping id="Chain13" node="0>0|0|9|0|0|0|0|0|0|0|0|0|0|0|0" />	
        <i3dMapping id="Chain14" node="0>0|0|10" />	
        <i3dMapping id="Chain15" node="0>0|0|10|0" />	
        <i3dMapping id="Chain16" node="0>0|0|10|0|0" />	
        <i3dMapping id="Chain17" node="0>0|0|10|0|0|0" />	
        <i3dMapping id="Chain18" node="0>0|0|10|0|0|0|0" />	
        <i3dMapping id="Chain19" node="0>0|0|10|0|0|0|0|0" />	
        <i3dMapping id="Chain20" node="0>0|0|10|0|0|0|0|0|0" />	
        <i3dMapping id="Chain21" node="0>0|0|10|0|0|0|0|0|0|0" />	
        <i3dMapping id="Chain22" node="0>0|0|10|0|0|0|0|0|0|0|0" />	
        <i3dMapping id="Chain23" node="0>0|0|10|0|0|0|0|0|0|0|0|0" />	
        <i3dMapping id="Chain24" node="0>0|0|10|0|0|0|0|0|0|0|0|0|0" />	
        <i3dMapping id="Chain25" node="0>0|0|10|0|0|0|0|0|0|0|0|0|0|0" />		
        <i3dMapping id="Chain26" node="0>0|0|10|0|0|0|0|0|0|0|0|0|0|0|0" />		
        <i3dMapping id="MOVE" node="0>0|0|11" />
		<i3dMapping id="hydraulicIn01Adapter" node="0>0|7|2|0" />
		<i3dMapping id="hydraulicIn01Adapter1" node="0>0|7|3|0" />
		<i3dMapping id="hydraulicIn01_detached" node="0>0|7|3" />
		<i3dMapping id="hydraulicIn01_detached02" node="0>0|7|2" />		
		<i3dMapping id="hydraulicIN01" node="0>0|7|0" />
        <i3dMapping id="hydraulicIN02" node="0>0|7|1" />		
        <i3dMapping id="dep1" node="0>0|8" />		
        <i3dMapping id="dep2" node="0>0|4|1"/>
        <i3dMapping id="dep3" node="0>0|9"/>
        <i3dMapping id="dep4" node="0>0|4|2"/>	
        <i3dMapping id="effectParticleBack" node="0>0|0|2|0|4" />	
        <i3dMapping id="bendingNode" node="0>0|0|12" />		
    </i3dMappings>
</vehicle>	
