<?xml version="1.0" encoding="utf-8" standalone="no" ?>
<modDesc descVersion="63">
    <author>Blacksheep Modding, miniminuss, BOB51160</author>
    <version>1.0.0.0</version>
    <title>
<en>Bennette PINDER</en>
<fr>Bennette PINDER</fr>
<de>Bennette PINDER</de>		
    </title>
    
<description>
<en><![CDATA[This little transportbox is ideal for your farm work and forestry
Price: 3500 $
Capacity: 3000 L ]]></en>
<fr><![CDATA[Cette petite benne est idéal pour vos travaux de préparation du cirque
Prix: 3500 €
Capaciter: 3000 L ]]></fr>
<de><![CDATA[Dieser kleine Transportbox ist ideal für Ihre Farm und Forstarbeiten
Preis: 3500 €
Kapazität: 3000 L ]]></de>
</description>
    
	<multiplayer supported="true"/>
	<iconFilename>store_Bennette_PINDER.dds</iconFilename>
  
<l10n>
<text name="typeDesc_Joskin">
<en>Bennette PINDER</en>
<fr>Bennette PINDER</fr>
<de>Bennette PINDER</de>
</text>
</l10n>
    <storeItems>
        <storeItem xmlFilename="Bennette_PINDER.xml"/>				
    </storeItems>
	
	<brands>
        <brand name="PINDER" title="pinder" image="brand.dds"/>
    </brands>
</modDesc>
