﻿<?xml version="1.0" encoding="utf-8" standalone="no" ?>
<modDesc descVersion="73">
  <author>ViperGTS96</author>
  <version>1.0.0.0</version>

  <title>
    <en>Mud System</en>
    <de>Schlamm-System</de>
    <fr>Système De Boue</fr>
    <es>Sistema De Lodo</es>
    <it>Sistema Di Fanghi</it>
    <cz>Bahenní Systém</cz>
    <pl>System Błotny</pl>
  </title>

  <description>
<en><![CDATA[-Mud and Dirt (bonus) fill types are added to the game which can be bought from the fill station for a small fee.
-Mappers are also able to add an "InfoLayer" to paint desired mud areas which will remain dormant unless this mod is used."
-The 'Mud System' causes vehicle wheels to sink, drag, and slip aswell as give the wheels mud particle systems.
-Sink depth, wheel slip, and drag is all dependant on the amount of wheels and tire widths that the vehicle has.
-Crawlers sink the least while narrow (care wheels) sink the most. (If you get stuck a vehicle with tracks/crawlers is best used to push/pull out).

-All Mud (filltype) can be scooped up and moved if desired.
-The bonus Dirt filltype is primarily added for for excavating equipment (just for fun).

-Mud (filltype) activates the Mud System anytime (regardless of rain and environment) and reaches max sink within a few seconds.
-Fields turn to mud during a rain fall, and will and takes 10 'real' minutes of gameplay to reach max sink depth. Once the rain stops, up to 10 minutes will be needed for the fields to dry.

-All vehicles even dormant ones are updated if moved, and will sink/unsink if pushed/pulled into/out of mud.
-Sunk vehicles are saved and will remain sunken when you load your saved game.

Included Store Item : Mud Fill Station (Placeable) [$5000]

***Before removing this mod you must clear the new filltypes; be sure to empty all tools with dirt and mud, then use the console commands (listed below) to remove all dirt and mud from the map. 
Then save the game and the mod can be removed/disabled without issues.

[Console Commands]:
- "removeAllMud" = Clears the map of all Mud (uninstall).
- "removeAllDirt" = Clears the map of all Dirt (uninstall).]]></en>

<de><![CDATA[-Schlamm und Dreck (Bonus) werden dem Spiel hinzugefügt, die gegen eine geringe Gebühr an der Füllstation gekauft werden können.
-Mapper können auch einen "InfoLayer" hinzufügen, um gewünschte Schlammbereiche zu malen, die ohne diese Mod inaktiv bleiben.
-Das 'Mud System' bewirkt, dass Fahrzeugräder sinken, schleifen und rutschen und verleiht den Rädern Schlammpartikel-Systeme.
-Einsinktiefe, Radschlupf und Luftwiderstand hängen von der Anzahl der Räder und Reifenbreiten ab, die das Fahrzeug hat.
Raupenfahrzeuge sinken am wenigsten ein, während schmale (Pflege-)Räder am meisten einsinken. (Wenn Sie stecken bleiben, ist ein Fahrzeug mit Raupen am besten geeignet, um Sie herauszuschieben/zu ziehen).

-Alle Schlammarten (Fülltypen) können auf Wunsch aufgeschaufelt und bewegt werden.
-Der zusätzliche Fülltyp Dirt ist in erster Linie für Grabungsgeräte gedacht (nur zum Spaß).

-Schlamm (Fülltyp) aktiviert das Schlammsystem jederzeit (unabhängig von Regen und Umgebung) und erreicht innerhalb weniger Sekunden die maximale Senkung.
-Felder verwandeln sich bei Regen in Schlamm und benötigen 10 "echte" Spielminuten, um die maximale Versenkungstiefe zu erreichen. Sobald der Regen aufhört, dauert es bis zu 10 Minuten, bis die Felder wieder trocken sind.

-Alle Fahrzeuge, auch die ruhenden, werden aktualisiert, wenn sie bewegt werden, und sinken ein/aus, wenn sie in den Schlamm geschoben/gezogen werden.
-Versunkene Fahrzeuge werden gespeichert und bleiben versenkt, wenn Sie Ihr gespeichertes Spiel laden.

Enthaltener Shop-Artikel : Mud Fill Station (Platzierbar) [€5000]

***Bevor ihr diesen Mod entfernt, müsst ihr die neuen Fülltypen löschen; stellt sicher, dass ihr alle Werkzeuge mit Dreck und Schlamm leert, und benutzt dann die Konsolenbefehle (unten aufgelistet), um allen Dreck und Schlamm von der Karte zu entfernen. 
Dann speichern Sie das Spiel und die Mod kann ohne Probleme entfernt/deaktiviert werden.

[Konsolenbefehle]:
- "removeAllMud" = Entfernt den gesamten Schlamm von der Karte (Deinstallation).
- "removeAllDirt" = Entfernt allen Dreck von der Karte (Deinstallation).]]></de>

<fr><![CDATA[-Des types de remplissage de boue et de terre (bonus) sont ajoutés au jeu et peuvent être achetés à la station de remplissage pour une somme modique.
-Les maquettistes peuvent également ajouter une "couche d'information" pour peindre les zones de boue souhaitées qui resteront inactives si ce mod n'est pas utilisé.
-Le "système de boue" permet aux roues des véhicules de s'enfoncer, de traîner et de glisser, et leur donne des systèmes de particules de boue.
-La profondeur d'enfoncement, le glissement des roues et la résistance dépendent du nombre de roues et de la largeur des pneus du véhicule.
-Les véhicules à chenilles s'enfoncent le moins, tandis que les véhicules à roues étroites s'enfoncent le plus. (Si vous êtes coincé, il est préférable d'utiliser un véhicule avec des chenilles/chenilles pour pousser/tirer).

-Toute la boue (type de remplissage) peut être ramassée et déplacée si nécessaire.
-Le type de remplissage Bonus Dirt est principalement ajouté pour les équipements d'excavation (juste pour le plaisir).

-La boue (type de remplissage) active le système de boue à tout moment (indépendamment de la pluie et de l'environnement) et atteint son niveau maximal en quelques secondes.
-Les champs se transforment en boue lors d'une pluie et il faut 10 minutes "réelles" de jeu pour atteindre la profondeur maximale d'enfoncement. Une fois que la pluie s'arrête, il faut jusqu'à 10 minutes pour que les champs sèchent.

-Tous les véhicules, même ceux qui sont en sommeil, sont mis à jour s'ils sont déplacés et s'enfoncent ou se désenfoncent s'ils sont poussés ou tirés dans ou hors de la boue.
-Les véhicules coulés sont sauvegardés et restent coulés lorsque vous chargez votre partie sauvegardée.

Article de magasin inclus : Station de remplissage de boue (plaçable) [$5000]

***Avant de supprimer ce mod, vous devez effacer les nouveaux types de remplissage ; assurez-vous de vider tous les outils contenant de la saleté et de la boue, puis utilisez les commandes de la console (listées ci-dessous) pour retirer toute la saleté et la boue de la carte. 
Ensuite, sauvegardez le jeu et le mod peut être retiré/désactivé sans problème.

[Commandes de la console] :
- "removeAllMud" = Supprime toute la boue de la carte (désinstallation).
- "removeAllDirt" = Supprime toutes les saletés de la carte (désinstallation).]]></fr>

<es><![CDATA[-Se añaden al juego tipos de relleno de barro y suciedad (extra) que pueden comprarse en la estación de relleno por un módico precio.
-Los mapeadores también pueden añadir una "InfoLayer" para pintar las zonas de barro deseadas, que permanecerán inactivas a menos que se utilice este mod."
-El "Sistema de barro" hace que las ruedas de los vehículos se hundan, se arrastren y resbalen, además de dotar a las ruedas de sistemas de partículas de barro.
-La profundidad de hundimiento, el deslizamiento y el arrastre de las ruedas dependen de la cantidad de ruedas y de la anchura de los neumáticos del vehículo.
-Las orugas son las que menos se hunden, mientras que las ruedas estrechas (de cuidado) son las que más se hunden. (Si te quedas atascado, lo mejor es usar un vehículo con orugas para empujar y sacar).

-Todo el barro (tipo de relleno) puede ser recogido y movido si se desea.
-El tipo de relleno de suciedad se añade principalmente para el equipo de excavación (sólo por diversión).

-El Barro (tipo de relleno) activa el Sistema de Barro en cualquier momento (independientemente de la lluvia y el entorno) y alcanza su máximo hundimiento en pocos segundos.
-Los campos se convierten en barro cuando llueve, y tardan 10 minutos "reales" de juego en alcanzar la profundidad máxima de hundimiento. Cuando deja de llover, los campos tardan hasta 10 minutos en secarse.

-Todos los vehículos, incluso los inactivos, se actualizan si se mueven, y se hunden/deshunden si se empujan/tiran del barro.
-Los vehículos hundidos se guardan y permanecerán hundidos cuando cargues tu partida guardada.

Objeto de tienda incluido: Estación de llenado de barro (Colocable) [€5000]

***Antes de eliminar este mod debes borrar los nuevos tipos de relleno; asegúrate de vaciar todas las herramientas con suciedad y barro, luego usa los comandos de consola (listados abajo) para eliminar toda la suciedad y barro del mapa. 
Después guarda la partida y el mod podrá ser eliminado/desactivado sin problemas.

[Comandos de consola]
- "removeAllMud" = Elimina todo el barro del mapa (desinstalar).
- "removeAllDirt" = Elimina toda la suciedad del mapa (desinstalar).]]></es>

<it><![CDATA[-Sono stati aggiunti al gioco i tipi di riempimento Fango e Sporco (bonus), che possono essere acquistati dalla stazione di riempimento a un piccolo prezzo.
-I mappatori possono anche aggiungere un "InfoLayer" per dipingere le aree di fango desiderate, che rimarranno inattive a meno che non si utilizzi questa mod".
-Il "Sistema di fango" fa sì che le ruote dei veicoli affondino, si trascinino e scivolino, oltre a conferire alle ruote un sistema di particelle di fango.
-La profondità di affondamento, lo slittamento e la resistenza dipendono dalla quantità di ruote e dalla larghezza degli pneumatici del veicolo.
-I veicoli cingolati affondano di meno, mentre quelli stretti (con le ruote di cura) affondano di più. (Se si rimane bloccati, è meglio usare un veicolo con cingoli per spingere/tirare fuori).

-Tutto il fango (tipo di riempimento) può essere raccolto e spostato, se lo si desidera.
-Il tipo di riempimento Dirt è stato aggiunto principalmente per le attrezzature di scavo (solo per divertimento).

-Il Fango (tipo di riempimento) attiva il Sistema Fango in qualsiasi momento (indipendentemente dalla pioggia e dall'ambiente) e raggiunge il massimo sprofondamento in pochi secondi.
-I campi si trasformano in fango durante la pioggia e impiegano 10 minuti di gioco "reali" per raggiungere la massima profondità di sprofondamento. Una volta cessata la pioggia, saranno necessari fino a 10 minuti perché i campi si asciughino.

-Tutti i veicoli, anche quelli inattivi, si aggiornano se vengono spostati e affondano/disaffondano se spinti/tirati nel fango.
-I veicoli affondati vengono salvati e rimarranno affondati quando si carica la partita salvata.

Articolo del negozio incluso: Stazione di riempimento del fango (posizionabile) [€5000]

***Prima di rimuovere questa mod è necessario cancellare i nuovi tipi di riempimento; assicurarsi di svuotare tutti gli strumenti con sporcizia e fango, quindi utilizzare i comandi della console (elencati di seguito) per rimuovere tutta la sporcizia e il fango dalla mappa. 
Quindi salvare il gioco e la mod può essere rimossa/disattivata senza problemi.

[Comandi da console]:
- "removeAllMud" = Cancella la mappa da tutto il fango (disinstallazione).
- "removeAllDirt" = Cancella la mappa da tutto il fango (disinstallazione).]]></it>

<cz><![CDATA[-Do hry jsou přidány typy náplní Bahno a Hlína (bonus), které lze za malý poplatek zakoupit na čerpací stanici.
-Mappeři mohou také přidat "InfoLayer" pro vybarvení požadovaných blátivých oblastí, které zůstanou neaktivní, pokud není tento mod použit."
- "Bahenní systém" způsobuje, že se kola vozidel potápějí, táhnou a kloužou, a také dává kolům systémy částic bahna.
-Hloubka potopení, prokluz kol a odpor závisí na množství kol a šířce pneumatik, které vozidlo má.
-Pásová kola se potápějí nejméně, zatímco úzká kola (kola pro péči) se potápějí nejvíce. (Pokud uvíznete, k vytlačení/vytažení je nejlepší použít vozidlo s pásy/pásy).

-Všechno bláto (typu fill) lze v případě potřeby nabrat a přemístit.
-Bonusový typ výplně Dirt je přidán především pro bagrovací zařízení (jen tak pro zábavu).

-Bláto (typ náplně) aktivuje bahenní systém kdykoli (bez ohledu na déšť a prostředí) a během několika sekund dosáhne maximálního propadu.
-Pole se během deště změní na bláto a bude a trvá 10 "skutečných" minut hry, než dosáhne maximální hloubky propadnutí. Jakmile déšť ustane, bude potřeba až 10 minut, aby pole vyschla.

-Všechna vozidla, i ta neaktivní, se při pohybu aktualizují a při zatlačení/vytažení do/ze bahna se potopí/nepotopí.
-Potopená vozidla se ukládají a zůstanou potopená i po načtení uložené hry.

Zahrnutý předmět v obchodě : Stanice pro plnění bahna (umístitelná) [€5000]

***Před odstraněním tohoto módu musíte vymazat nové typy výplní; nezapomeňte vyprázdnit všechny nástroje s blátem a bahnem a poté pomocí konzolových příkazů (uvedených níže) odstraňte z mapy všechnu špínu a bahno. 
Poté hru uložte a mod lze bez problémů odstranit/vypnout.

[Konzolové příkazy]:
- "removeAllMud" = Vyčistí mapu od veškerého bahna (odinstaluje).
- "removeAllDirt" = Vyčistí mapu od veškeré špíny (odinstaluje).]]></cz>

<pl><![CDATA[-Do gry dodane są typy wypełnienia Mud i Dirt (bonus), które można kupić w stacji wypełnienia za niewielką opłatą.
-Maperzy są również w stanie dodać "InfoLayer" do malowania pożądanych obszarów błota, które pozostaną uśpione, jeśli ten mod nie zostanie użyty."
- "Mud System" powoduje, że koła pojazdów toną, wloką się i ślizgają, jak również nadaje kołom systemy cząsteczek błota.
-Głębokość zatopienia, poślizgu kół i oporu zależy od ilości kół i szerokości opon, które posiada pojazd.
-Crawlers zatopić najmniej, podczas gdy wąskie (koła opieki) zatopić najbardziej. (Jeśli utkniesz pojazd z gąsienicami/crawlerami najlepiej użyć do pchania/wyciągania).

-Wszystkie rodzaje błota (filltype) mogą być zbierane i przenoszone w razie potrzeby.
-Bonusowy typ wypełnienia Dirt jest dodany głównie dla sprzętu do kopania (dla zabawy).

-Błoto (filltype) aktywuje system błota w każdej chwili (niezależnie od deszczu i środowiska) i osiąga maksymalne zatopienie w ciągu kilku sekund.
-Pola zamieniają się w błoto podczas deszczu, a osiągnięcie maksymalnej głębokości zapadania się zajmie 10 "prawdziwych" minut gry. Kiedy przestanie padać, potrzeba do 10 minut, aby pola wyschły.

-Wszystkie pojazdy, nawet te uśpione, są aktualizowane, jeśli są poruszane i zapadają się/nie zapadają, jeśli zostaną wepchnięte/wyciągnięte z błota.
-Zatopione pojazdy są zapisywane i pozostaną zatopione, gdy wczytasz zapisaną grę.

Zawarty element sklepu : Stacja napełniania błotem (Placeable) [€5000]

***Przed usunięciem tego moda musisz wyczyścić nowe typy wypełnienia; upewnij się, że opróżniłeś wszystkie narzędzia z brudu i błota, a następnie użyj komend konsoli (wymienionych poniżej), aby usunąć cały brud i błoto z mapy. 
Następnie zapisz grę i mod może być usunięty/wyłączony bez problemów.

[Console Commands]:
- "removeAllMud" = Czyści mapę ze wszystkich Błot (uninstall).
- "removeAllDirt" = Czyści mapę ze wszystkich Dirtów (uninstall).]]></pl>
</description>

  <iconFilename>icon_mudSystem.dds</iconFilename>
  <multiplayer supported="true"/>

  <extraSourceFiles>
    <sourceFile filename="source/initializeMud.lua"/>
  </extraSourceFiles>

  <storeItems>
    <storeItem xmlFilename="fillStation/mudFillStation.xml"/>
  </storeItems>

  <l10n>
    <text name="function_mudFillStation">
      <en>Fill applicable equipment with mud or dirt at this station.</en>
      <de>Füllen Sie die entsprechenden Geräte an dieser Station mit Schlamm oder Erde.</de>
      <fr>Remplissez l'équipement applicable de boue ou de terre à cette station.</fr>
      <es>Llene el equipo aplicable con barro o tierra en esta estación.</es>
      <it>In questa stazione, riempire di fango o di terra l'attrezzatura applicabile.</it>
      <cz>Na tomto stanovišti naplňte příslušné zařízení blátem nebo hlínou.</cz>
      <pl>Napełnij stosowny sprzęt błotem lub ziemią na tej stacji.</pl>
    </text>
    <text name="fillType_dirt">
      <en>Dirt</en>
      <de>Schmutz</de>
      <fr>Saleté</fr>
      <es>Suciedad</es>
      <it>Sporco</it>
      <cz>Špína</cz>
      <pl>Brud</pl>
    </text>
    <text name="fillType_mud">
      <en>Mud</en>
      <de>Schlamm</de>
      <fr>Boue</fr>
      <es>Barro</es>
      <it>Fango</it>
      <cz>Bláto</cz>
      <pl>Błoto</pl>
    </text>
    
    <text name="clearAllDirtCC">
      	<en>Clears the map of all Dirt</en>
		<de>Löscht die Karte von allem Schmutz (deinstallieren)</de>
		<fr>Efface la carte de toutes les saletés (désinstallation)</fr>
		<es>Borra el mapa de toda la suciedad (desinstalar)</es>
		<it>Cancella la mappa di tutto lo sporco (disinstalla)</it>
		<cz>Vymaže mapu všech nečistot (odinstalovat)</cz>
		<pl>Czyści mapę wszystkich zabrudzeń (odinstaluj)</pl>
    </text>
    <text name="clearAllMudCC">
      	<en>Clears the map of all Mud (uninstall)</en>
		<de>Löscht die Karte von allem Schlamm (deinstallieren)</de>
		<fr>Efface la carte de toute la boue (désinstallation)</fr>
		<es>Borra el mapa de todo el lodo (desinstalar)</es>
		<it>Cancella la mappa di tutto il fango (disinstalla)</it>
		<cz>Vymaže mapu všech bahen (odinstalovat)</cz>
		<pl>Czyści mapę całego błota (odinstaluj)</pl>
    </text>
  </l10n>

</modDesc>