﻿<?xml version="1.0" encoding="utf-8" standalone="no" ?>
<vehicle type="implement" xmlns:xsi="http://www.w3.org/2001/XMLSchema-instance" xsi:noNamespaceSchemaLocation="../../../../shared/xml/schema/vehicle.xsd">
    <annotation>Copyright (C) GIANTS Software GmbH, All Rights Reserved.</annotation>

    <storeData>
        <name>
			<en>Rope</en>
			<de>Seil</de>
			<pl>Lina</pl>
		</name>
        <functions>
            <function>$l10n_function_weight</function>
        </functions>
        <rotation>0</rotation>
        <image>store/store_lina.png</image>
        <price>15</price>
        <lifetime>600</lifetime>
        <brand>LIZARD</brand>
        <category>weights</category>
        <shopTranslationOffset>0 0 0</shopTranslationOffset>
        <vertexBufferMemoryUsage>79360</vertexBufferMemoryUsage>
        <indexBufferMemoryUsage>11008</indexBufferMemoryUsage>
        <textureMemoryUsage>524288</textureMemoryUsage>
        <audioMemoryUsage>0</audioMemoryUsage>
        <instanceVertexBufferMemoryUsage>0</instanceVertexBufferMemoryUsage>
        <instanceIndexBufferMemoryUsage>0</instanceIndexBufferMemoryUsage>
    </storeData>

    <base>
        <typeDesc>$l10n_typeDesc_weight</typeDesc>
        <filename>lina.i3d</filename>
        <size width="2" length="1" />
        <components>
            <component centerOfMass="0 0 -0.12" solverIterationCount="10" mass="20" />
        </components>
        <schemaOverlay attacherJointPosition="0 0" name="IMPLEMENT" />
        <mapHotspot type="OTHER" />
    </base>

    <attachable>
        <inputAttacherJoints>
            <inputAttacherJoint node="0>0" jointType="implement" lowerRotLimitScale="0 0 0" upperRotationOffset="1" lowerRotationOffset="0" needsLowering="false">
                <distanceToGround lower="0.6" upper="1.5" />
            </inputAttacherJoint>
        </inputAttacherJoints>
    </attachable>

    <ai>
        <agentAttachment width="0.8" height="0.8" length="0.2" lengthOffset="0"/>
    </ai>

    <foliageBending>
        <bendingNode minX="-0.56" maxX="0.56" minZ="-0.177" maxZ="0" yOffset="0.1" />
    </foliageBending>


    <wearable wearDuration="480" workMultiplier="5" fieldMultiplier="2" showOnHud="false"/>
    <washable dirtDuration="90" washDuration="1" workMultiplier="2" fieldMultiplier="2"/>
</vehicle>
