<?xml version="1.0" encoding="utf-8" standalone="no" ?>
<modDesc descVersion="79">
    <author>JMZ</author>
    <version>1.0.0.0</version>
    <title>
        <en>Rope And Chain</en>
        <de>Seil Und Kette</de>
		<pl>Lina I Łańcuch</pl>
    </title>
    <description>
        <en>
<![CDATA[
Rope and chain to be hitched to the tractor hitch.

Rope:
Price: $15
Weight: 20 KG

Chain:
Price: $30
Weight: 60 KG
]]>
        </en>
        <de>
<![CDATA[
Seil und Kette zum Anhängen an die Traktoranhängung.

Seil:
Preis: 15€
Gewicht: 20 KG

Kette:
Preis: 30€
Gewicht: 60 KG
]]>
        </de>
		<pl>
<![CDATA[
Lina i łańcuch do zaczepienia na podnośnik ciągnika.

Lina:
Cena: 15€
Waga: 20 KG

Łańcuch:
Cena: 30€
Waga: 60 KG
]]>
        </pl>
    </description>
    <iconFilename>icon_RopeAndChain.dds</iconFilename>
    <multiplayer supported="true" />

    <storeItems>
        <storeItem xmlFilename="lina.xml"/>
        <storeItem xmlFilename="lancuch.xml"/>
    </storeItems>
</modDesc>
