<?xml version="1.0" encoding="UTF-8"?>
<missionVehicles>

    <mission type="harvest">
        <!-- grainMission -->
        <group fieldSize="small" variant="GRAIN">
            <vehicle filename="$data/vehicles/rostselmash/nova330/nova330.xml" /> <!-- combine -->
            <vehicle filename="$data/vehicles/rostselmash/powerStream500/powerStream500.xml" /> <!-- header -->
            <vehicle filename="$data/vehicles/nardi/n40b/n40b.xml" /> <!-- headerTrailer -->
            <vehicle filename="TM.xml" /> <!-- tractor -->
            <vehicle filename="$data/vehicles/welger/dk115/dk115.xml" /> <!-- trailer -->
        </group>
        <group fieldSize="small" variant="GRAIN">
            <vehicle filename="$data/vehicles/deutzFahr/topLiner4090/topLiner4090.xml" /> <!-- combine -->
            <vehicle filename="$data/vehicles/deutzFahr/header4090/header4090.xml"/> <!-- header -->
            <vehicle filename="$data/vehicles/deutzFahr/header4090Trailer/header4090Trailer.xml"/> <!-- headerTrailer -->
            <vehicle filename="TM.xml" > <!-- tractor -->
                <configuration name="motor" id="2" />
            </vehicle>
            <vehicle filename="$data/vehicles/welger/dk115/dk115.xml" /> <!-- trailer -->
            <vehicle filename="$data/vehicles/welger/dk115/dk115.xml" /> <!-- trailer -->
        </group>
        <group fieldSize="small" variant="GRAIN">
            <vehicle filename="$data/vehicles/deutzFahr/topLiner4090/topLiner4090.xml" /> <!-- combine -->
            <vehicle filename="$data/vehicles/deutzFahr/header4090/header4090.xml"/> <!-- header -->
            <vehicle filename="$data/vehicles/deutzFahr/header4090Trailer/header4090Trailer.xml"/> <!-- headerTrailer -->
            <vehicle filename="TM.xml" /> <!-- tractor -->
            <vehicle filename="$data/vehicles/claas/carat/carat.xml" /> <!-- trailer -->
        </group>
        <group fieldSize="small" variant="GRAIN">
            <vehicle filename="$data/vehicles/deutzFahr/topLiner4090/topLiner4090.xml" /> <!-- combine -->
            <vehicle filename="$data/vehicles/deutzFahr/header4090/header4090.xml"/> <!-- header -->
            <vehicle filename="$data/vehicles/deutzFahr/header4090Trailer/header4090Trailer.xml"/> <!-- headerTrailer -->
            <vehicle filename="TM.xml" > <!-- tractor -->
                <configuration name="motor" id="3" />
            </vehicle>
            <vehicle filename="$data/vehicles/welger/dk115/dk115.xml" /> <!-- trailer -->
            <vehicle filename="$data/vehicles/welger/dk115/dk115.xml" /> <!-- trailer -->
        </group>

        <group fieldSize="medium" variant="GRAIN">
            <vehicle filename="$data/vehicles/johnDeere/t560/t560.xml" /> <!-- combine -->
            <vehicle filename="$data/vehicles/johnDeere/header625X/header625X.xml"/> <!-- header -->
            <vehicle filename="$data/vehicles/nardi/n40bx/n40bx.xml" /> <!-- headerTrailer -->
            <vehicle filename="TM.xml" > <!-- tractor -->
                <configuration name="motor" id="4" />
            </vehicle>
            <vehicle filename="$data/vehicles/claas/carat/carat.xml" > <!-- trailer -->
                <configuration name="fillVolume" id="2" />
                <configuration name="fillUnit" id="2" />
            </vehicle>
        </group>
        <group fieldSize="medium" variant="GRAIN">
            <vehicle filename="$data/vehicles/newHolland/chSeries/chSeries.xml" /> <!-- combine -->
            <vehicle filename="$data/vehicles/newHolland/varifeed28/varifeed28.xml" /> <!-- header -->
            <vehicle filename="$data/vehicles/nardi/n60_30/n60_30.xml" /> <!-- headerTrailer -->
            <vehicle filename="TM.xml" > <!-- tractor -->
                <configuration name="motor" id="4" />
                <configuration name="wheel" id="2" />
            </vehicle>
            <vehicle filename="$data/vehicles/brantner/z18051/z18051.xml" /> <!-- trailer -->
        </group>
        <group fieldSize="medium" variant="GRAIN">
            <vehicle filename="$data/vehicles/fendt/ideal/idealPL.xml" /> <!-- combine -->
            <vehicle filename="$data/vehicles/fendt/powerFlow30FT/powerFlow30FT.xml"/> <!-- header -->
            <vehicle filename="$data/vehicles/nardi/n60_30/n60_30.xml" /> <!-- headerTrailer -->
            <vehicle filename="TM.xml" > <!-- tractor -->
                <configuration name="motor" id="4" />
                <configuration name="wheel" id="2" />
            </vehicle>
            <vehicle filename="$data/vehicles/krampe/bigBodyS750/bigBodyS750.xml" > <!-- trailer -->
                <configuration name="trailer" id="1" />
                <configuration name="baseMaterial" id="4" />
                <configuration name="fillVolume" id="1"/>
                <configuration name="wheel" id="1"/>
                <configuration name="design" id="1"/>
                <configuration name="fillUnit" id="1"/>
                <configuration name="rimColor" id="1"/>
            </vehicle>
        </group>
        <group fieldSize="medium" variant="GRAIN">
            <vehicle filename="$data/vehicles/johnDeere/t560/t560.xml" /> <!-- combine -->
            <vehicle filename="$data/vehicles/johnDeere/header625X/header625X.xml"/> <!-- header -->
            <vehicle filename="$data/vehicles/nardi/n40bx/n40bx.xml" /> <!-- headerTrailer -->
            <vehicle filename="TM.xml" > <!-- tractor -->
                <configuration name="motor" id="4" />
                <configuration name="wheel" id="2" />
            </vehicle>
            <vehicle filename="$data/vehicles/claas/carat/carat.xml" > <!-- trailer -->
                <configuration name="fillVolume" id="2" />
                <configuration name="fillUnit" id="2" />
            </vehicle>
        </group>
        <group fieldSize="medium" variant="GRAIN">
            <vehicle filename="$data/vehicles/fendt/ideal/idealPL.xml" /> <!-- combine -->
            <vehicle filename="$data/vehicles/fendt/powerFlow30FT/powerFlow30FT.xml"/> <!-- header -->
            <vehicle filename="$data/vehicles/nardi/n60_30/n60_30.xml" /> <!-- headerTrailer -->
            <vehicle filename="TM.xml" > <!-- tractor -->
                <configuration name="motor" id="4" />
                <configuration name="wheel" id="2" />
            </vehicle>
            <vehicle filename="$data/vehicles/krampe/bigBodyS750/bigBodyS750.xml" > <!-- trailer -->
                <configuration name="trailer" id="1" />
                <configuration name="baseMaterial" id="4" />
                <configuration name="fillVolume" id="1"/>
                <configuration name="wheel" id="1"/>
                <configuration name="design" id="1"/>
                <configuration name="fillUnit" id="1"/>
                <configuration name="rimColor" id="1"/>
            </vehicle>
        </group>

          <!-- sugarBeetMission -->
        <group fieldSize="small" variant="SUGARBEET">
            <vehicle filename="$data/vehicles/grimme/ft300/ft300.xml" /> <!-- combine -->
            <vehicle filename="$data/vehicles/grimme/rootster604/rootster604.xml" /> <!-- header -->
            <vehicle filename="TM.xml" > <!-- tractor -->
                <configuration name="motor" id="1" />
                <configuration name="wheel" id="1" />
            </vehicle>
            <vehicle filename="$data/vehicles/johnDeere/series4755/series4755.xml" /> <!-- tractor -->
            <vehicle filename="$data/vehicles/rudolphSohn/tdk301RA/tdk301RA.xml" /> <!-- trailer -->
            <vehicle filename="$data/vehicles/rudolphSohn/dk280RL/dk280RL.xml" /> <!-- trailer -->
        </group>
        <group fieldSize="small" variant="SUGARBEET">
            <vehicle filename="$data/vehicles/grimme/ft300/ft300.xml" /> <!-- combine -->
            <vehicle filename="$data/vehicles/grimme/rootster604/rootster604.xml" /> <!-- header -->
               <vehicle filename="TM.xml" > <!-- tractor -->
                <configuration name="motor" id="1" />
                <configuration name="wheel" id="1" />
            </vehicle>
            <vehicle filename="$data/vehicles/valtra/tSeries/tSeries.xml" /> <!-- tractor -->
            <vehicle filename="$data/vehicles/rudolphSohn/tdk301RA/tdk301RA.xml" /> <!-- trailer -->
            <vehicle filename="$data/vehicles/rudolphSohn/dk280RL/dk280RL.xml" /> <!-- trailer -->
        </group>

        <group fieldSize="medium" variant="SUGARBEET">
            <vehicle filename="$data/vehicles/ropa/panther2/panther2.xml" /> <!-- combine -->
            <vehicle filename="$data/vehicles/ropa/rr6x45/rr6x45.xml" /> <!-- header -->
            <vehicle filename="TM.xml" > <!-- tractor -->
                <configuration name="motor" id="4" />
                <configuration name="wheel" id="2" />
            </vehicle>
            <vehicle filename="$data/vehicles/fliegl/tmk273/tmk273.xml" /> <!-- trailer -->
        </group>

        <!-- maizeMission -->
        <group fieldSize="small" variant="MAIZE">
            <vehicle filename="$data/vehicles/rostselmash/nova330/nova330.xml" /> <!-- combine -->
            <vehicle filename="$data/vehicles/ziegler/cornChampion5R/cornChampion5R.xml" /> <!-- header -->
            <vehicle filename="TM.xml" > <!-- tractor -->
                <configuration name="motor" id="1" />
                <configuration name="wheel" id="1" />
            </vehicle>
            <vehicle filename="$data/vehicles/welger/dk115/dk115.xml" /> <!-- trailer -->
        </group>
        <group fieldSize="small" variant="MAIZE">
            <vehicle filename="$data/vehicles/deutzFahr/topLiner4090/topLiner4090.xml" /> <!-- combine -->
            <vehicle filename="$data/vehicles/capello/diamant8/diamant8.xml"/> <!-- header -->
            <vehicle filename="TM.xml" /> <!-- tractor -->
            <vehicle filename="$data/vehicles/rudolphSohn/tdk301RP/tdk301RP.xml" /> <!-- trailer -->
        </group>
        <group fieldSize="small" variant="MAIZE">
            <vehicle filename="$data/vehicles/deutzFahr/topLiner4090/topLiner4090.xml" /> <!-- combine -->
            <vehicle filename="$data/vehicles/capello/diamant8/diamant8.xml"/> <!-- header -->
            <vehicle filename="TM.xml" > <!-- tractor -->
                <configuration name="motor" id="3" />
            </vehicle>
            <vehicle filename="$data/vehicles/welger/dk115/dk115.xml" /> <!-- trailer -->
            <vehicle filename="$data/vehicles/welger/dk115/dk115.xml" /> <!-- trailer -->
        </group>
        <group fieldSize="small" variant="MAIZE">
            <vehicle filename="$data/vehicles/rostselmash/nova330/nova330.xml" /> <!-- combine -->
            <vehicle filename="$data/vehicles/ziegler/cornChampion5R/cornChampion5R.xml" /> <!-- header -->
            <vehicle filename="TM.xml" /> <!-- tractor -->
            <vehicle filename="$data/vehicles/welger/dk115/dk115.xml" /> <!-- trailer -->
        </group>
        <group fieldSize="medium" variant="MAIZE">
            <vehicle filename="$data/vehicles/caseIH/axialFlow150/axialFlow150.xml" /> <!-- combine -->
            <vehicle filename="$data/vehicles/caseIH/header4408/header4408.xml"/> <!-- header -->
            <vehicle filename="$data/vehicles/nardi/n20T/n20T.xml" /> <!-- headerTrailer -->
            <vehicle filename="TM.xml" /> <!-- tractor -->
            <vehicle filename="$data/vehicles/brantner/z18051/z18051.xml" /> <!-- trailer -->
            <vehicle filename="$data/vehicles/brantner/z18051/z18051.xml" /> <!-- trailer -->
        </group>

        <!-- potatoMission -->
        <group fieldSize="small" variant="POTATO">
            <vehicle filename="$data/vehicles/ropa/keiler2/keiler2.xml" /> <!-- combine -->
            <vehicle filename="$data/vehicles/fendt/vario700/vario700.xml" > <!-- tractor -->
                <configuration name="motor" id="5" />
                <configuration name="wheel" id="7" />
            </vehicle>
            <vehicle filename="TM.xml" > <!-- tractor -->
                <configuration name="motor" id="2" />
                <configuration name="wheel" id="2" />
            </vehicle>
            <vehicle filename="$data/vehicles/fliegl/tmk273/tmk273.xml" /> <!-- trailer -->
        </group>
        <group fieldSize="small" variant="POTATO">
            <vehicle filename="$data/vehicles/grimme/evo290/evo290.xml" /> <!-- combine -->
            <vehicle filename="$data/vehicles/grimme/ks754/ks754.xml" /> <!-- topper -->
            <vehicle filename="$data/vehicles/valtra/qSeries/qSeries.xml" > <!-- tractor -->
                <configuration name="motor" id="5" />
                <configuration name="wheel" id="7" />
            </vehicle>
            <vehicle filename="TM.xml" > <!-- tractor -->
                <configuration name="motor" id="3" />
                <configuration name="wheel" id="2" />
            </vehicle>
            <vehicle filename="$data/vehicles/rudolphSohn/tdk301RA/tdk301RA.xml" /> <!-- trailer -->
            <vehicle filename="$data/vehicles/rudolphSohn/dk280RL/dk280RL.xml" /> <!-- trailer -->
        </group>
        <group fieldSize="small" variant="POTATO">
            <vehicle filename="$data/vehicles/ropa/keiler2/keiler2.xml" /> <!-- combine -->
            <vehicle filename="$data/vehicles/valtra/tSeries/tSeries.xml" > <!-- tractor -->
                <configuration name="motor" id="5" />
                <configuration name="wheel" id="5" />
            </vehicle>
            <vehicle filename="TM.xml" > <!-- tractor -->
                <configuration name="motor" id="3" />
                <configuration name="wheel" id="2" />
            </vehicle>
            <vehicle filename="$data/vehicles/fliegl/tmk273/tmk273.xml" /> <!-- trailer -->
        </group>

        <!-- cottonMission -->
        <group fieldSize="small" variant="COTTON">
            <vehicle filename="$data/vehicles/caseIH/moduleExpress635/moduleExpress635.xml" /> <!-- combine -->
            <vehicle filename="TM.xml" > <!-- tractor -->
                <configuration name="motor" id="1" />
                <configuration name="wheel" id="1" />
            </vehicle>
            <vehicle filename="$data/vehicles/lizard/module4/module4.xml" /> <!-- trailer -->
        </group>
        <group fieldSize="small" variant="COTTON">
            <vehicle filename="$data/vehicles/caseIH/moduleExpress635/moduleExpress635.xml" /> <!-- combine -->
            <vehicle filename="TM.xml" /> <!-- tractor -->
            <vehicle filename="$data/vehicles/lizard/module4/module4.xml" /> <!-- trailer -->
        </group>

        <!-- sugarCaneMission -->
        <group fieldSize="small" variant="SUGARCANE">
            <vehicle filename="$data/vehicles/lizard/swt7/swt7.xml" /> <!-- combine -->
            <vehicle filename="TM.xml" /> <!-- tractor -->
            <vehicle filename="$data/vehicles/tt/colossus10000/colossus10000.xml" /> <!-- trailer -->
            <vehicle filename="$data/vehicles/tt/colossus10000/colossus10000.xml" /> <!-- trailer -->
        </group>
        <group fieldSize="small" variant="SUGARCANE">
            <vehicle filename="$data/vehicles/lizard/swt7/swt7.xml" /> <!-- combine -->
            <vehicle filename="TM.xml" > <!-- tractor -->
                <configuration name="motor" id="2" />
                <configuration name="wheel" id="2" />
            </vehicle>
            <vehicle filename="$data/vehicles/tt/colossus10000/colossus10000.xml" /> <!-- trailer -->
            <vehicle filename="$data/vehicles/tt/colossus10000/colossus10000.xml" /> <!-- trailer -->
        </group>
    </mission>

    <mission type="plow">
        <group fieldSize="small">
            <vehicle filename="TM.xml" > <!-- tractor -->
                <configuration name="motor" id="1" />
                <configuration name="wheel" id="1" />
            </vehicle>
            <vehicle filename="$data/vehicles/poettinger/servo25/servo25.xml" /> <!-- plow -->
        </group>
        <group fieldSize="small">
            <vehicle filename="TM.xml" > <!-- tractor -->
                <configuration name="motor" id="2" />
                <configuration name="wheel" id="2" />
            </vehicle>
            <vehicle filename="$data/vehicles/agromasz/pov5xl/pov5xl.xml" /> <!-- plow -->
            <vehicle filename="$data/vehicles/claas/w900/w900.xml" /> <!-- weight -->
        </group>
        <group fieldSize="small">
            <vehicle filename="TM.xml" > <!-- tractor -->
                <configuration name="motor" id="3" />
                <configuration name="wheel" id="2" />
            </vehicle>
            <vehicle filename="$data/vehicles/poettinger/servo25/servo25.xml" /> <!-- plow -->
        </group>
    </mission>

    <mission type="sow">
    <!-- grainMission -->
        <group fieldSize="small" variant="GRAIN">
            <vehicle filename="TM.xml" > <!-- tractor -->
                <configuration name="motor" id="2" />
                <configuration name="wheel" id="2" />
            </vehicle>
            <vehicle filename="$data/vehicles/amazone/kg3001Super/kg3001Super.xml" /> <!-- seeder -->
            <vehicle filename="$data/vehicles/amazone/centaya3000Super/centaya3000Super.xml" /> <!-- seeder -->
            <vehicle filename="$data/vehicles/tenwinkel/weight600/weight600.xml" /> <!-- weight -->
        </group>
        <group fieldSize="small" variant="GRAIN">
            <vehicle filename="TM.xml" > <!-- tractor -->
                <configuration name="motor" id="2" />
                <configuration name="wheel" id="2" />
            </vehicle>
            <vehicle filename="$data/vehicles/amazone/kg3001Super/kg3001Super.xml" /> <!-- seeder -->
            <vehicle filename="$data/vehicles/amazone/centaya3000Super/centaya3000Super.xml" /> <!-- seeder -->
            <vehicle filename="$data/vehicles/amazone/tPackU/tPackU.xml" /> <!-- weight -->
        </group>

    <!-- maizeMission -->
        <group fieldSize="small" variant="MAIZE">
            <vehicle filename="TM.xml" /> <!-- tractor -->
            <vehicle filename="$data/vehicles/agromasz/falcon/falcon.xml" /> <!-- seeder -->
            <vehicle filename="$data/vehicles/tenwinkel/weight600/weight600.xml" /> <!-- weight -->
        </group>
        <group fieldSize="small" variant="MAIZE">
            <vehicle filename="TM.xml" > <!-- tractor -->
                <configuration name="motor" id="2" />
            </vehicle>
            <vehicle filename="$data/vehicles/amazone/precea4500/precea4500.xml" /> <!-- seeder -->
            <vehicle filename="$data/vehicles/tenwinkel/weight600/weight600.xml" /> <!-- weight -->
        </group>
        <group fieldSize="small" variant="MAIZE">
            <vehicle filename="TM.xml" > <!-- tractor -->
                <configuration name="motor" id="3" />
            </vehicle>
            <vehicle filename="$data/vehicles/amazone/precea4500/precea4500.xml" /> <!-- seeder -->
            <vehicle filename="$data/vehicles/amazone/tPackU/tPackU.xml" /> <!-- weight -->
        </group>
        <group fieldSize="small" variant="MAIZE">
            <vehicle filename="TM.xml" /> <!-- tractor -->
            <vehicle filename="$data/vehicles/kuhn/maxima3TIL/maxima3TIL.xml" /> <!-- seeder -->
            <vehicle filename="$data/vehicles/tenwinkel/weight600/weight600.xml" /> <!-- weight -->
        </group>
        <group fieldSize="small" variant="MAIZE">
            <vehicle filename="TM.xml" /> <!-- tractor -->
            <vehicle filename="$data/vehicles/agromasz/falcon/falcon.xml" /> <!-- seeder -->
            <vehicle filename="$data/vehicles/tenwinkel/weight600/weight600.xml" /> <!-- weight -->
        </group>

    <!-- sugarBeetMission -->
        <group fieldSize="small" variant="SUGARBEET">
            <vehicle filename="TM.xml" /> <!-- tractor -->
            <vehicle filename="$data/vehicles/agromasz/falcon/falcon.xml" /> <!-- seeder -->
            <vehicle filename="$data/vehicles/tenwinkel/weight600/weight600.xml" /> <!-- weight -->
        </group>
        <group fieldSize="small" variant="SUGARBEET">
            <vehicle filename="TM.xml" > <!-- tractor -->
                <configuration name="motor" id="2" />
            </vehicle>
            <vehicle filename="$data/vehicles/amazone/precea4500/precea4500.xml" /> <!-- seeder -->
            <vehicle filename="$data/vehicles/tenwinkel/weight600/weight600.xml" /> <!-- weight -->
        </group>

    <!-- sugarCaneMission -->
        <group fieldSize="small" variant="SUGARCANE">
            <vehicle filename="TM.xml" /> <!-- tractor -->
            <vehicle filename="$data/vehicles/gessner/singleRow/singleRow.xml" /> <!-- seeder -->
            <vehicle filename="$data/vehicles/johnDeere/pickUp900/pickUp900.xml" /> <!-- weight -->
        </group>

        <group fieldSize="medium" variant="SUGARCANE">
            <vehicle filename="TM.xml" > <!-- tractor -->
                <configuration name="motor" id="4" />
            </vehicle>
            <vehicle filename="$data/vehicles/gessner/twoRow/twoRow.xml" /> <!-- seeder -->
        </group>

    <!-- potatoMission -->
        <group fieldSize="small" variant="POTATO">
            <vehicle filename="TM.xml" > <!-- tractor -->
                <configuration name="motor" id="2" />
            </vehicle>
            <vehicle filename="$data/vehicles/grimme/gl420/gl420.xml" /> <!-- seeder -->
            <vehicle filename="$data/vehicles/claas/w900/w900.xml" /> <!-- weight -->
        </group>
 

    <!-- cottonMission -->
        <group fieldSize="small" variant="COTTON">
            <vehicle filename="TM.xml" /> <!-- tractor -->
            <vehicle filename="$data/vehicles/agromasz/falcon/falcon.xml" /> <!-- seeder -->
            <vehicle filename="$data/vehicles/tenwinkel/weight600/weight600.xml" /> <!-- weight -->
        </group>
    </mission>

    <mission type="weed">
        <group fieldSize="small">
            <vehicle filename="TM.xml" /> <!-- tractor -->
            <vehicle filename="$data/vehicles/einboeck/exact600/exact600.xml" /> <!-- weeder -->
            <vehicle filename="$data/vehicles/tenwinkel/weight600/weight600.xml" /> <!-- weight -->
        </group>
        <group fieldSize="small">
            <vehicle filename="TM.xml" > <!-- tractor -->
                <configuration name="motor" id="2" />
            </vehicle>
            <vehicle filename="$data/vehicles/einboeck/exact600/exact600.xml" /> <!-- weeder -->
            <vehicle filename="$data/vehicles/tenwinkel/weight600/weight600.xml" /> <!-- weight -->
        </group>
    </mission>
 
    <mission type="cultivate">
        <group fieldSize="small">
            <vehicle filename="TM.xml" > <!-- tractor -->
                <configuration name="motor" id="1" />
				<configuration name="wheel" id="2" />
            </vehicle>
            <vehicle filename="$data/vehicles/horsch/terrano3FX/terrano3FX.xml" /> <!-- cultivator -->
            <vehicle filename="$data/vehicles/johnDeere/pickUp900/pickUp900.xml" /> <!-- weight -->
        </group>

        <group fieldSize="small">
            <vehicle filename="TM.xml" > <!-- tractor -->
                <configuration name="motor" id="2" />
				<configuration name="wheel" id="2" />
            </vehicle>
            <vehicle filename="$data/vehicles/horsch/terrano3FX/terrano3FX.xml" /> <!-- cultivator -->
            <vehicle filename="$data/vehicles/johnDeere/pickUp900/pickUp900.xml" /> <!-- weight -->
        </group>
    </mission>

    <mission type="mow_bale">
        <group fieldSize="small" variant="HAY">
            <vehicle filename="TM.xml" > <!-- tractor -->
                <configuration name="motor" id="2" />
				<configuration name="wheel" id="2" />
            </vehicle>
            <vehicle filename="$data/vehicles/seppKnusel/f240/f240.xml" /> <!-- mower -->
            <vehicle filename="$data/vehicles/kuhn/gmd4411/gmd4411.xml" /> <!-- mower -->
            <vehicle filename="$data/vehicles/poettinger/alpinHit44/alpinHit44.xml" /> <!-- tedder -->
            <vehicle filename="$data/vehicles/kuhn/ga4731/ga4731.xml" /> <!-- windrower -->
            <vehicle filename="$data/vehicles/poettinger/impress125FPro/impress125FPro.xml" /> <!-- baler -->
            <vehicle filename="$data/vehicles/fliegl/butterfly/butterfly.xml" /> <!-- flatbed -->
            <vehicle filename="$data/vehicles/fliegl/butterfly/butterfly.xml" /> <!-- flatbed -->
        </group>
        <group fieldSize="small" variant="HAY">
            <vehicle filename="TM.xml" > <!-- tractor -->
                <configuration name="motor" id="3" />
				<configuration name="wheel" id="2" />
            </vehicle>
            <vehicle filename="$data/vehicles/seppKnusel/f240/f240.xml" /> <!-- mower -->
            <vehicle filename="$data/vehicles/kverneland/mower4140L/mower4140L.xml" /> <!-- mower -->
            <vehicle filename="$data/vehicles/kuhn/gf8712/gf8712.xml" /> <!-- tedder -->
            <vehicle filename="$data/vehicles/samasz/z2840/z2840.xml" /> <!-- windrower -->
            <vehicle filename="$data/vehicles/kuhn/vb3190/vb3190.xml" /> <!-- baler -->
            <vehicle filename="$data/vehicles/fliegl/butterfly/butterfly.xml" /> <!-- flatbed -->
            <vehicle filename="$data/vehicles/fliegl/butterfly/butterfly.xml" /> <!-- flatbed -->
        </group>

        <group fieldSize="small" variant="SILAGE">
            <vehicle filename="TM.xml" > <!-- tractor -->
                <configuration name="motor" id="2" />
				<configuration name="wheel" id="2" />
            </vehicle>
            <vehicle filename="$data/vehicles/seppKnusel/f240/f240.xml" /> <!-- mower -->
            <vehicle filename="$data/vehicles/kuhn/gmd4411/gmd4411.xml" /> <!-- mower -->
            <vehicle filename="$data/vehicles/kuhn/ga4731/ga4731.xml" /> <!-- windrower -->
            <vehicle filename="$data/vehicles/poettinger/impress125FPro/impress125FPro.xml" /> <!-- baler -->
            <vehicle filename="$data/vehicles/kverneland/wrapper7850C/wrapper7850C.xml" /> <!-- wrapper -->
            <vehicle filename="$data/vehicles/fliegl/butterfly/butterfly.xml" /> <!-- flatbed -->
            <vehicle filename="$data/vehicles/fliegl/butterfly/butterfly.xml" /> <!-- flatbed -->
        </group>
        <group fieldSize="small" variant="SILAGE">
            <vehicle filename="TM.xml" > <!-- tractor -->
                <configuration name="motor" id="2" />
				<configuration name="wheel" id="2" />
            </vehicle>
            <vehicle filename="$data/vehicles/seppKnusel/f240/f240.xml" /> <!-- mower -->
            <vehicle filename="$data/vehicles/kverneland/mower4140L/mower4140L.xml" /> <!-- mower -->
            <vehicle filename="$data/vehicles/samasz/z2840/z2840.xml" /> <!-- windrower -->
            <vehicle filename="$data/vehicles/kuhn/vb3190/vb3190.xml" /> <!-- baler -->
            <vehicle filename="$data/vehicles/kverneland/wrapper7850C/wrapper7850C.xml" /> <!-- wrapper -->
            <vehicle filename="$data/vehicles/fliegl/butterfly/butterfly.xml" /> <!-- flatbed -->
            <vehicle filename="$data/vehicles/fliegl/butterfly/butterfly.xml" /> <!-- flatbed -->
        </group>
    </mission>
</missionVehicles>