﻿<?xml version="1.0" encoding="utf-8" standalone="no"?>
<modDesc descVersion="75">
    <author>Peppe978</author>
    <version>1.0.1.0</version>
    <title>
        <en>New Holland TM Series</en>
    </title>
    <description>
        <en>
            <![CDATA[Medium-high range open field tractors, the TM 2002 series with TM120, TM130, TM140 and TM155 models.
Base Price: 94.000$
Power: from 120HP to 155HP
Consumption: 49L/h - 53L/h - 59L/h - 64L/h
Tank capacity: 285 liters

ChangeLog 1.0.1.0
Realistic consumption
Missions added
Fix textures
Improved sounds
Improved AI settings
]]>
        </en>
        <de>
            <![CDATA[Offene Traktoren mit mittlerer Reichweite der Baureihe TM 2002 mit den Modellen TM120, TM130, TM140 und TM155.
Grundpreis: 94.000€
Leistung: von 120PS bis 155PS
Verbrauch: 49L/h - 53L/h - 59L/h - 64L/h
Tankinhalt: 285 Liter

ChangeLog 1.0.1.0
Realistischer Verbrauch
Missionen hinzugefügt
Verbesserte Texturen
Verbesserte Sounds
Verbesserte KI-Einstellungen
]]>
        </de>
        <fr>
            <![CDATA[Tracteurs de plein champ de moyenne gamme, la série TM 2002 avec les modèles TM120, TM130, TM140 et TM155.
Prix de base: 94.000€
Puissance: de 120JP à 155HP
Consommation: 49L/h - 53L/h - 59L/h - 64L/h
Capacité du réservoir: 285 litres

ChangeLog 1.0.1.0
Consommation réaliste
Missions ajoutées
Correction des textures
Amélioration des sons
Amélioration des paramètres de l'IA
]]>
        </fr>
        <it><![CDATA[Trattori di gamma medio-alta da campo aperto, la serie TM 2002 con modelli TM120, TM130, TM140 e TM155.
Prezzo Base: 94.000€
Potenza: da 120cv a 155 CV
Consumi: 49L/h - 53L/h - 59L/h - 64L/h
Capacità Serbatoio: 285 litri

ChangeLog 1.0.1.0
Consumi realistici
Missioni aggiunte
Fix textures
Suoni migliorati
Impostazioni AI migliorate
]]></it>
    </description>
	
    <iconFilename>icon_newhollanTM.png</iconFilename>
    <multiplayer supported="true"/>
	
    <vehicleTypes>
		<type name="newHollandTM" parent="baseDrivable" className="Vehicle" filename="$dataS/scripts/vehicles/Vehicle.lua">
			<specialization name="cover" />
		</type>		
    </vehicleTypes>		

    <l10n>
        <text name="Lift"><en>Front Linkage</en><it>Sollevatore Anteriore</it><de>Frontkraftheber</de><fr>Attelage avant</fr></text>Frontkraftheber
        <text name="NewHollandS1"><en>NewHolland 2002</en></text>
        <text name="NewHollandS2"><en>NewHolland Restyling</en></text>
		<text name="configuration_Fenders"><en>Fenders Configurations</en><de>Kotflügel-Konfigurationen</de><it>Configurazione Parafanghi</it><fr>Configurazione Parafanghi</fr></text>
		<text name="Fender"><en>Front Fenders</en><de>Kotflügel vorne</de><it>Parafanghi Anteriori</it><fr>Gardes-boue Avant</fr></text>
		<text name="FenderNo"><en>Without Fenders</en><de>Ohne Kotflügel</de><it>Senza Parafanghi</it><fr>Sans Gardes-boue</fr></text>
		<text name="ui_RED"><en>Red</en><de>Rot</de><fr>Rouge</fr><it>Rosso</it></text>
		<text name="ui_BLUE"><en>Blue</en><de>Blaue</de><fr>Bleu</fr><it>Blu</it></text>		
    </l10n>		
	
    <storeItems>
        <storeItem xmlFilename="TM.xml" rootNode="vehicle"/>
    </storeItems>
	
	<missionVehicles filename="missionVehiclesNHTM.xml" />
</modDesc>