<?xml version="1.0" encoding="utf-8" standalone="no" ?>
<modDesc descVersion="75">
    <author>Semih</author>
    <version>1.0.0.0</version>
    <iconFilename>huds/icon_trailer.dds</iconFilename>
    <title>
        <tr>20 Ton Römork</tr>
        <en>20 Ton Trailer</en>
		<de>20 Tonne Anhänger</de>
    </title>
    <description>

<en><![CDATA[20 Ton Trailer
Base Price: 10845 $

Main Color Options

Capacity:20000
]]></en>

</description>
    <storeItems>
        <storeItem xmlFilename="xml/Trailer.xml"/>
    </storeItems>
    <multiplayer supported="true"/>
</modDesc>
