﻿<?xml version="1.0" encoding="utf-8" standalone="no" ?>
<vehicle type="trailer" xmlns:xsi="http://www.w3.org/2001/XMLSchema-instance" xsi:noNamespaceSchemaLocation="../../../../shared/xml/schema/vehicle.xsd">
    <annotation>Copyright (C) GIANTS Software GmbH, All Rights Reserved.</annotation>

    <storeData>
        <name>
            <tr>Römork</tr>
            <en>Trailer</en>
        </name>
        <specs>
            <combination xmlFilename="$data/vehicles/welger/dk115/dk115.xml"/>
        </specs>
        <functions>
            <function>$l10n_function_tipper</function>
        </functions>
        <storePacks>
            <storePack>STARTER_GRAINS</storePack>
            <storePack>STARTER_ANIMALS</storePack>
        </storePacks>
        <image>huds/store_trailer.dds</image>
        <price>11500</price>
        <lifetime>600</lifetime>
        <rotation>0</rotation>
        <brand>LIZARD</brand>
        <category>trailers</category>
        <shopTranslationOffset>0 1.09 0</shopTranslationOffset>
        <shopRotationOffset>0 0 0</shopRotationOffset>
    </storeData>

    <base>
        <typeDesc>$l10n_typeDesc_tipper</typeDesc>
        <filename>i3d/Trailer.i3d</filename>
        <size width="3.7" length="7" lengthOffset="0.65"/>
        <sounds volumeFactor="1.3"/>
        <components maxMass="8000">
            <component centerOfMass="0 0 -1.1"  solverIterationCount="30" mass="800"/>
            <component centerOfMass="0 0 -0.4" solverIterationCount="20" mass="500"/>
            <component centerOfMass="0 0 -0.4" solverIterationCount="10" mass="100"/>
            <joint component1="1" component2="2" node="componentJointFront"    rotLimit="0 120 0" transLimit="0 0 0" />
            <joint component1="2" component2="3" node="componentJointDrawbar" rotLimit="20 0 0"  transLimit="0 0 0" />
        </components>
        <schemaOverlay attacherJointPosition="0 0" name="IMPLEMENT" />
        <mapHotspot type="TRAILER" />
    </base>

    <designConfigurations title="Şerit">
        <designConfiguration name="$l10n_configuration_valueNo">
            <objectChange node="decalType11" visibilityActive="false"/>
            <objectChange node="decalType12" visibilityActive="false"/>
            <objectChange node="decalType13" visibilityActive="false"/>
            <objectChange node="decalType14" visibilityActive="false"/>
            <objectChange node="decalType21" visibilityActive="false"/>
            <objectChange node="decalType22" visibilityActive="false"/>
            <objectChange node="decalType23" visibilityActive="false"/>
            <objectChange node="decalType24" visibilityActive="false"/>
            <objectChange node="decalType25" visibilityActive="false"/>
            <objectChange node="decalType26" visibilityActive="false"/>
            <objectChange node="decalType27" visibilityActive="false"/>
            <objectChange node="decalType28" visibilityActive="false"/>
        </designConfiguration>
        <designConfiguration name="Serit 1" price="20">
            <objectChange node="decalType21" visibilityActive="true"/>
            <objectChange node="decalType22" visibilityActive="true"/>
            <objectChange node="decalType23" visibilityActive="true"/>
            <objectChange node="decalType24" visibilityActive="true"/>
            <objectChange node="decalType25" visibilityActive="true"/>
            <objectChange node="decalType26" visibilityActive="true"/>
            <objectChange node="decalType27" visibilityActive="true"/>
            <objectChange node="decalType28" visibilityActive="true"/>
            <objectChange node="decalType11" visibilityActive="false"/>
            <objectChange node="decalType12" visibilityActive="false"/>
            <objectChange node="decalType13" visibilityActive="false"/>
            <objectChange node="decalType14" visibilityActive="false"/>
        </designConfiguration>
        <designConfiguration name="Türk Bayrağı" price="20">
            <objectChange node="decalType11" visibilityActive="true"/>
            <objectChange node="decalType12" visibilityActive="true"/>
            <objectChange node="decalType13" visibilityActive="true"/>
            <objectChange node="decalType14" visibilityActive="true"/>
            <objectChange node="decalType21" visibilityActive="false"/>
            <objectChange node="decalType22" visibilityActive="false"/>
            <objectChange node="decalType23" visibilityActive="false"/>
            <objectChange node="decalType24" visibilityActive="false"/>
            <objectChange node="decalType25" visibilityActive="false"/>
            <objectChange node="decalType26" visibilityActive="false"/>
            <objectChange node="decalType27" visibilityActive="false"/>
            <objectChange node="decalType28" visibilityActive="false"/>
        </designConfiguration>     
    </designConfigurations>

    <wheels>
        <wheelConfigurations>
            <wheelConfiguration name="$l10n_configuration_valueDefault" price="0" brand="BKT">
                <wheels>
                    <wheel filename="shared/wheels/340_80R18.xml" isLeft="true" hasTireTracks="true" hasParticles="true">
                        <physics tipOcclusionAreaGroupId="1" restLoad="1.3" repr="wheelFrontLeft1" forcePointRatio="0.5" initialCompression="17" suspTravel="0.13" spring="50" damper="50"/>
                    </wheel>
                    <wheel filename="shared/wheels/340_80R18.xml" isLeft="false" hasTireTracks="true" hasParticles="true">
                        <physics tipOcclusionAreaGroupId="1" restLoad="1.3" repr="wheelFrontRight1" forcePointRatio="0.5" initialCompression="17" suspTravel="0.13" spring="50" damper="50"/>
                    </wheel>
                    <wheel filename="shared/wheels/340_80R18.xml" isLeft="true" hasTireTracks="true" hasParticles="true">
                        <physics tipOcclusionAreaGroupId="1" restLoad="1.3" repr="wheelBackLeft1" forcePointRatio="0.5" initialCompression="17" suspTravel="0.13" spring="50" damper="50"/>
                    </wheel>
                    <wheel filename="shared/wheels/340_80R18.xml" isLeft="false" hasTireTracks="true" hasParticles="true">
                        <physics tipOcclusionAreaGroupId="1" restLoad="1.3" repr="wheelBackRight1" forcePointRatio="0.5" initialCompression="17" suspTravel="0.13" spring="50" damper="50"/>
                    </wheel>
                    <wheel filename="shared/wheels/340_80R18.xml" isLeft="true" hasTireTracks="true" hasParticles="true">
                        <physics tipOcclusionAreaGroupId="1" restLoad="1.3" repr="wheelBackLeft2" forcePointRatio="0.5" initialCompression="17" suspTravel="0.13" spring="50" damper="50"/>
                    </wheel>
                    <wheel filename="shared/wheels/340_80R18.xml" isLeft="false" hasTireTracks="true" hasParticles="true">
                        <physics tipOcclusionAreaGroupId="1" restLoad="1.3" repr="wheelBackRight2" forcePointRatio="0.5" initialCompression="17" suspTravel="0.13" spring="50" damper="50"/>
                    </wheel>
                </wheels>
            </wheelConfiguration>
        </wheelConfigurations>
    </wheels>

    <lights>
        <sharedLight linkNode="0>0|6|0" filename="$data/shared/assets/lights/lizard/rearLight13_left.xml"/>
        <sharedLight linkNode="0>0|6|1" filename="$data/shared/assets/lights/lizard/rearLight13_right.xml"/>
        <realLights>
            <high>
                <light node="backLightsHigh" lightTypes="0"/>
                <turnLightLeft node="turnLightLeftBack"/>
                <turnLightRight node="turnLightRightBack"/>
            </high>
        </realLights>
    </lights>

    <attachable>
        <inputAttacherJoints>
            <inputAttacherJoint node="attacherJoint" jointType="trailerLow" rootNode="trailerDrawbarComponent3" attacherHeight="0.75" />
        </inputAttacherJoints>
        <brakeForce force="0.1" maxForce="0.9" maxForceMass="8000"/>
    </attachable>

    <attacherJoints>
        <attacherJoint node="0>0|0|1" jointType="trailerLow" lowerRotLimit="10 62 80" upperRotationOffset="0" allowsJointLimitMovement="false" canTurnOnImplement="false">
            <schema position="1 0" rotation="0" invertX="false"/>
        </attacherJoint>
        <attacherJoint node="0>0|0|2" jointType="trailer" lowerRotLimit="10 62 80" upperRotationOffset="0" allowsJointLimitMovement="false" canTurnOnImplement="false">
            <schema position="1 0" rotation="0" invertX="false"/>
        </attacherJoint>
        <sounds>
            <attach template="ATTACH_01"/>
        </sounds>
    </attacherJoints>

    <connectionHoses>
        <hose inputAttacherJointIndices="1" type="hydraulicIn"  node="hydraulicIn" length="1.0" diameter="0.015" straighteningFactor="1.2">
           <objectChange node="hydraulicIn_detached" visibilityActive="false" visibilityInactive="true"/>
        </hose>
    </connectionHoses>

    <animations>
        <animation name="tipAnimationBack">
            <part node="bodyMesh" startTime="0.8" endTime="10.8" startRot="0 0 0" endRot="-30 0 0"/>
            <part node="backDoor" startTime="0.8" endTime="10.8" startRot="0 0 0" endRot="47 0 0"/>
        </animation>

        <animation name="tipAnimationLeft">
            <part node="bodyLeft" startTime="0.8" endTime="10.8" startRot="0 0 0" endRot="0 0 -30"/>
            <part node="leftDoor1" startTime="0.8" endTime="10.8" startRot="0 0 0" endRot="0 0 30"/>
            <part node="leftDoor2" startTime="0.8" endTime="10.8" startRot="0 0 0" endRot="0 0 30"/>
            <part node="leftDoor3" startTime="0.8" endTime="10.8" startRot="0 0 0" endRot="0 0 30"/>
        </animation>

        <animation name="tipAnimationRight">
            <part node="bodyRight" startTime="0.8" endTime="10.8" startRot="0 0 0" endRot="0 0 30"/>
            <part node="rightDoor1" startTime="0.8" endTime="10.8" startRot="0 0 0" endRot="0 0 -30"/>
            <part node="rightDoor2" startTime="0.8" endTime="10.8" startRot="0 0 0" endRot="0 0 -30"/>
            <part node="rightDoor3" startTime="0.8" endTime="10.8" startRot="0 0 0" endRot="0 0 -30"/>
        </animation>
        
        <animation name="tipAnimationGrainDoor">
            <part node="bodyMesh" startTime="2" endTime="16" startRot="0 0 0" endRot="-27 0 0"/>
            <part node="0>0|2|0|0|2|12|0" startTime="0" endTime="0.5" startTrans="0 -0.638 0.018" endTrans="0 -0.42 0.018" />
            <part node="0>0|2|0|0|2|12|0|0" startTime="0" endTime="0.5" startRot="0 0 0" endRot="-53.3 0 0 " />
            <part node="0>0|2|0|0|2|12|1" startTime="0" endTime="0.5" startRot="0 0 0" endRot="75.3 0 0 " />
        </animation>
        
        <animation name="toggleCover">
            <part node="coverNode" startTime="0"    endTime="0.05" visibility="true" />
            <part node="coverNode" startTime="0.05" endTime="0.1"  visibility="false" />

            <sound template="fabricCover2" startTime="0.01" direction="1"  volumeScale="1.4" pitchScale="1.5"/>
            <sound template="fabricCover1" startTime="0.05" direction="-1" volumeScale="1.4" pitchScale="1.8"/>
        </animation>
    </animations>

    <cylindered>
        <movingTools>
            <movingTool node="bodyLeft">
              <dependentPart node="0>0|4|0|0" />
            </movingTool>
            <movingTool node="bodyRight">
              <dependentPart node="0>0|4|0|0" />
            </movingTool>
            <movingTool node="bodyMesh">
              <dependentPart node="0>0|4|0|0" />
            </movingTool>
        </movingTools>

        <movingParts>
            <movingPart node="0>0|4|0" referencePoint="0>0|7" referenceFrame="0>0|7" lockAxis="1"/>
            <movingPart node="0>0|4|0|0" referencePoint="0>0|2|0|0|5" referenceFrame="0>0|2|0|0|5" lockAxis="3">
                <translatingPart node="0>0|4|0|0|0" />
                <translatingPart node="0>0|4|0|0|0|0" />
                <translatingPart node="0>0|4|0|0|0|0|0" />
                <translatingPart node="0>0|4|0|0|0|0|0|0" />
            </movingPart>
        </movingParts>
        <sounds>
            <actionSound template="hydraulicLayerTone" pitchScale="0.6" volumeScale="0.8" linkNode="hydraulic_Part01_refFrame" actionNames="TRANSLATING_POS" nodes="hydraulicPart2" />
            <actionSound template="defaultHydraulicSound" pitchScale="0.5" volumeScale="0.4" linkNode="hydraulic_Part01_refFrame" actionNames="TRANSLATING_NEG" nodes="hydraulicPart2"/>

            <actionSound template="cylinderPunch" pitchScale="0.7" linkNode="hydraulicPartRef" actionNames="TRANSLATING_END_NEG" nodes="hydraulicPart1"/>
            <actionSound template="cylinderPunch" pitchScale="0.7" linkNode="hydraulicPartRef" actionNames="TRANSLATING_END_NEG" nodes="hydraulicPart2"/>
        </sounds>
    </cylindered>

    <fillUnit>
        <fillUnitConfigurations>
            <fillUnitConfiguration name="Normal" price="0" params="20000">
                <fillUnits>
                    <fillUnit shopDisplayUnit="CUBICMETER" fillTypeCategories="BULK" capacity="20000" allowAILoading="true">
                        <exactFillRootNode node="exactFillRootNode" />
                        <autoAimTargetNode node="fillAutoAimTargetNode" startZ="4.3" endZ="0" invert="true" startPercentage="5"/>
                    </fillUnit>
                </fillUnits>
                <objectChange node="trailerAddition" visibilityActive="false"/>
                <objectChange node="fillVolume" visibilityActive="true"/>
                <objectChange node="fillVolumeAddition" visibilityActive="false"/>
                <objectChange node="metalAddition" translationActive="0 0 0"/>
                <objectChange node="coverNode" translationActive="0 0 0"/>
            </fillUnitConfiguration>
            <fillUnitConfiguration name="İlave" price="0" params="30000">
                <fillUnits>
                    <fillUnit shopDisplayUnit="CUBICMETER" fillTypeCategories="BULK" capacity="30000" allowAILoading="true">
                        <exactFillRootNode node="exactFillRootNode" />
                        <autoAimTargetNode node="fillAutoAimTargetNode" startZ="4.3" endZ="0" invert="true" startPercentage="5"/>
                    </fillUnit>
                </fillUnits>
                <objectChange node="trailerAddition" visibilityActive="true"/>
                <objectChange node="fillVolume" visibilityActive="false"/>
                <objectChange node="fillVolumeAddition" visibilityActive="true"/>
                <objectChange node="metalAddition" translationActive="0 0.6 0"/>
                <objectChange node="coverNode" translationActive="0 0.6 0"/>
            </fillUnitConfiguration>
            <fillUnitConfiguration name="50 Ton" price="0" params="30000">
                <fillUnits>
                    <fillUnit shopDisplayUnit="CUBICMETER" fillTypeCategories="BULK" capacity="50000" allowAILoading="true" updateMass="false">
                        <exactFillRootNode node="exactFillRootNode" />
                        <autoAimTargetNode node="fillAutoAimTargetNode" startZ="4.3" endZ="0" invert="true" startPercentage="5"/>
                    </fillUnit>
                </fillUnits>
                <objectChange node="trailerAddition" visibilityActive="true"/>
                <objectChange node="fillVolume" visibilityActive="false"/>
                <objectChange node="fillVolumeAddition" visibilityActive="true"/>
                <objectChange node="metalAddition" translationActive="0 0.6 0"/>
                <objectChange node="coverNode" translationActive="0 0.6 0"/>
            </fillUnitConfiguration>
            <fillUnitConfiguration name="100 Ton" price="0" params="30000">
                <fillUnits>
                    <fillUnit shopDisplayUnit="CUBICMETER" fillTypeCategories="BULK" capacity="100000" allowAILoading="true" updateMass="false">
                        <exactFillRootNode node="exactFillRootNode" />
                        <autoAimTargetNode node="fillAutoAimTargetNode" startZ="4.3" endZ="0" invert="true" startPercentage="5"/>
                    </fillUnit>
                </fillUnits>
                <objectChange node="trailerAddition" visibilityActive="true"/>
                <objectChange node="fillVolume" visibilityActive="false"/>
                <objectChange node="fillVolumeAddition" visibilityActive="true"/>
                <objectChange node="metalAddition" translationActive="0 0.6 0"/>
                <objectChange node="coverNode" translationActive="0 0.6 0"/>
            </fillUnitConfiguration>
            <fillUnitConfiguration name="250 Ton" price="0" params="30000">
                <fillUnits>
                    <fillUnit shopDisplayUnit="CUBICMETER" fillTypeCategories="BULK" capacity="250000" allowAILoading="true" updateMass="false">
                        <exactFillRootNode node="exactFillRootNode" />
                        <autoAimTargetNode node="fillAutoAimTargetNode" startZ="4.3" endZ="0" invert="true" startPercentage="5"/>
                    </fillUnit>
                </fillUnits>
                <objectChange node="trailerAddition" visibilityActive="true"/>
                <objectChange node="fillVolume" visibilityActive="false"/>
                <objectChange node="fillVolumeAddition" visibilityActive="true"/>
                <objectChange node="metalAddition" translationActive="0 0.6 0"/>
                <objectChange node="coverNode" translationActive="0 0.6 0"/>
            </fillUnitConfiguration>
            <fillUnitConfiguration name="500 Ton" price="0" params="30000">
                <fillUnits>
                    <fillUnit shopDisplayUnit="CUBICMETER" fillTypeCategories="BULK" capacity="500000" allowAILoading="true" updateMass="false">
                        <exactFillRootNode node="exactFillRootNode" />
                        <autoAimTargetNode node="fillAutoAimTargetNode" startZ="4.3" endZ="0" invert="true" startPercentage="5"/>
                    </fillUnit>
                </fillUnits>
                <objectChange node="trailerAddition" visibilityActive="true"/>
                <objectChange node="fillVolume" visibilityActive="false"/>
                <objectChange node="fillVolumeAddition" visibilityActive="true"/>
                <objectChange node="metalAddition" translationActive="0 0.6 0"/>
                <objectChange node="coverNode" translationActive="0 0.6 0"/>
            </fillUnitConfiguration>
        </fillUnitConfigurations>
    </fillUnit>

    <fillVolume>
        <fillVolumeConfigurations>
            <fillVolumeConfiguration>
                <volumes>
                    <volume node="fillVolume" maxDelta="0.23" maxAllowedHeapAngle="18" fillUnitIndex="1"/>
                    <volume node="fillVolumeAddition" maxDelta="0.23" maxAllowedHeapAngle="18" fillUnitIndex="1"/>
                </volumes>
            </fillVolumeConfiguration>
        </fillVolumeConfigurations>
        <unloadInfos>
            <unloadInfo>
                <node node="unloadInfoBack" width="2" length="1.0"/>
                <node node="unloadInfoLeft" width="2" length="1.0"/>
                <node node="unloadInfoRight" width="2" length="1.0"/>
                <node node="unloadInfoDoor" width="2" length="1.0"/>
            </unloadInfo>
        </unloadInfos>
    </fillVolume>

    <trailer>
        <trailerConfigurations>
            <trailerConfiguration>
                <trailer>
                    <tipSide name="$l10n_info_tipSideBack" dischargeNodeIndex="1">
                        <animation name="tipAnimationBack" speedScale="1.0" startTipTime="0.02"/>
                    </tipSide>
                    <tipSide name="$l10n_info_tipSideLeft" dischargeNodeIndex="2">
                        <animation name="tipAnimationLeft" speedScale="1.0" startTipTime="0.02"/>
                    </tipSide>
                    <tipSide name="$l10n_info_tipSideRight" dischargeNodeIndex="3">
                        <animation name="tipAnimationRight" speedScale="1.0" startTipTime="0.02"/>
                    </tipSide>
                    <tipSide name="$l10n_info_tipSideBackGrainDoor" dischargeNodeIndex="4" >
                        <animation name="tipAnimationGrainDoor" speedScale="0.35" closeSpeedScale="0.8" />
                    </tipSide>
                </trailer>
            </trailerConfiguration>
        </trailerConfigurations>
    </trailer>

    <dischargeable>
        <dischargeableConfigurations>
            <dischargeableConfiguration>
                <dischargeNode node="dischargeNodeBack" emptySpeed="1750" fillUnitIndex="1" unloadInfoIndex="1" allowAIDischarge="true">
                    <info width="2" length="1.5" />
                    <effects>
                        <effectNode effectClass="TipEffect">
                            <effectNode effectNode="effectParticleBack" effectClass="ParticleEffect" materialType="unloadingParticle" emitCountScale="2"/>
                            <effectNode effectNode="effectGrainBack" materialType="unloading" fadeTime="0.5" extraDistanceNode="dischargeNodeBack" extraDistance="0.6"/>
                        </effectNode>
                        <effectNode effectNode="effectSmokeBack" materialType="unloadingSmoke" fadeTime="0.5" />
                    </effects>
                </dischargeNode>
                <dischargeNode node="unloadInfoLeft" emptySpeed="1750" fillUnitIndex="1" unloadInfoIndex="2" allowAIDischarge="true">
                    <info width="2" length="1.5" />
                    <effects>
                        <effectNode effectClass="TipEffect">
                            <effectNode effectNode="effectParticleLeft1" effectClass="ParticleEffect" materialType="unloadingParticle" emitCountScale="2"/>
                            <effectNode effectNode="effectGrainLeft1" materialType="unloading" fadeTime="0.5" extraDistanceNode="unloadInfoLeft" extraDistance="0.6"/>
                        </effectNode>
                        <effectNode effectClass="TipEffect">
                            <effectNode effectNode="effectParticleLeft2" effectClass="ParticleEffect" materialType="unloadingParticle" emitCountScale="2"/>
                            <effectNode effectNode="effectGrainLeft2" materialType="unloading" fadeTime="0.5" extraDistanceNode="unloadInfoLeft" extraDistance="0.6"/>
                        </effectNode>
                        <effectNode effectClass="TipEffect">
                            <effectNode effectNode="effectParticleLeft3" effectClass="ParticleEffect" materialType="unloadingParticle" emitCountScale="2"/>
                            <effectNode effectNode="effectGrainLeft3" materialType="unloading" fadeTime="0.5" extraDistanceNode="unloadInfoLeft" extraDistance="0.6"/>
                        </effectNode>
                        <effectNode effectNode="effectSmokeLeft1" materialType="unloadingSmoke" fadeTime="0.5" />
                        <effectNode effectNode="effectSmokeLeft2" materialType="unloadingSmoke" fadeTime="0.5" />
                        <effectNode effectNode="effectSmokeLeft3" materialType="unloadingSmoke" fadeTime="0.5" />
                    </effects>
                </dischargeNode>
                <dischargeNode node="unloadInfoRight" emptySpeed="1750" fillUnitIndex="1" unloadInfoIndex="3" allowAIDischarge="true">
                    <info width="2" length="1.5" />
                    <effects>
                        <effectNode effectClass="TipEffect">
                            <effectNode effectNode="effectParticleRight1" effectClass="ParticleEffect" materialType="unloadingParticle" emitCountScale="2"/>
                            <effectNode effectNode="effectGrainRight1" materialType="unloading" fadeTime="0.5" extraDistanceNode="unloadInfoLeft" extraDistance="0.6"/>
                        </effectNode>
                        <effectNode effectClass="TipEffect">
                            <effectNode effectNode="effectParticleRight2" effectClass="ParticleEffect" materialType="unloadingParticle" emitCountScale="2"/>
                            <effectNode effectNode="effectGrainRight2" materialType="unloading" fadeTime="0.5" extraDistanceNode="unloadInfoLeft" extraDistance="0.6"/>
                        </effectNode>
                        <effectNode effectClass="TipEffect">
                            <effectNode effectNode="effectParticleRight3" effectClass="ParticleEffect" materialType="unloadingParticle" emitCountScale="2"/>
                            <effectNode effectNode="effectGrainRight3" materialType="unloading" fadeTime="0.5" extraDistanceNode="unloadInfoLeft" extraDistance="0.6"/>
                        </effectNode>
                        <effectNode effectNode="effectSmokeRight1" materialType="unloadingSmoke" fadeTime="0.5" />
                        <effectNode effectNode="effectSmokeRight2" materialType="unloadingSmoke" fadeTime="0.5" />
                        <effectNode effectNode="effectSmokeRight3" materialType="unloadingSmoke" fadeTime="0.5" />
                    </effects>
                </dischargeNode>
                <dischargeNode node="unloadInfoDoor" emptySpeed="750" fillUnitIndex="1" unloadInfoIndex="1" allowAIDischarge="true">
                    <info width="2" length="1.5" />
                    <effects>
                        <effectNode effectClass="TipEffect">
                            <effectNode effectNode="effectParticleBack2" effectClass="ParticleEffect" materialType="unloadingParticle" emitCountScale="2"/>
                            <effectNode effectNode="effectGrainBack2" materialType="unloading" fadeTime="0.5" extraDistanceNode="unloadInfoDoor" extraDistance="0.6"/>
                        </effectNode>
                        <effectNode effectNode="effectSmokeBack2" materialType="unloadingSmoke" fadeTime="0.5" />
                    </effects>
                </dischargeNode>
            </dischargeableConfiguration>
        </dischargeableConfigurations>
    </dischargeable>

    <cover>
        <coverConfigurations>
            <coverConfiguration name="$l10n_configuration_valueYes" price="500" openCoverWhileTipping="true">
                <cover openAnimation="toggleCover" fillUnitIndices="1" />
                <objectChange node="coverMesh" visibilityActive="true" visibilityInactive="false"/>
            </coverConfiguration>
            <coverConfiguration name="$l10n_configuration_valueNo"/>
        </coverConfigurations>
    </cover>

    <ai>
        <allowTurnBackward value="false"/>
        <turningRadiusLimitation radius="7"/>
        <agentAttachment jointNode="attacherJoint" rotCenterWheelIndices="1 2" width="2.5" height="2.8" length="2" lengthOffset="0" hasCollision="false"/>
        <agentAttachment jointNode="componentJointFront" rotCenterWheelIndices="3 4" width="2.5" height="2.8" length="5" lengthOffset="1.5"/>
    </ai>

    <foliageBending>
        <bendingNode minX="-1.05" maxX="1.05" minZ="-2.45" maxZ="2.3" yOffset="0.6" />
        <bendingNode minX="-0.2" maxX="0.2" minZ="0.25" maxZ="2" yOffset="-0.1" node="drawbar_vis"/>
    </foliageBending>

    <wearable wearDuration="480" workMultiplier="5" fieldMultiplier="2"/>
    <washable dirtDuration="90" washDuration="1" workMultiplier="3" fieldMultiplier="2"/>

    <baseMaterial>
        <material name="Romork_Mat" baseNode="trailerVis">
            <shaderParameter name="colorMat0" value="0.565 0.412 0 0"/>
        </material>
         <material name="Addition_Mat" baseNode="trailerAddition">
            <shaderParameter name="colorMat0" value="0.565 0.412 0 0"/>
        </material>
        <material name="Cover_Mat" baseNode="coverMesh">
            <shaderParameter name="colorMat0" value="0.8 0 0 5"/>
        </material>
        <material name="Bayrak_Tex" baseNode="decalType11">
            <shaderParameter name="colorMat0" value="0.8 0.8 0.8 5"/>
        </material>
        <material name="SideTex_Mat" baseNode="decalType21">
            <shaderParameter name="colorMat0" value="0.8 0 0 5"/>
            <shaderParameter name="colorMat1" value="0.8 0 0 5"/>
        </material>
    </baseMaterial>

    <baseMaterialConfigurations title="Gövde Renk" price="250" useDefaultColors="true" defaultColorIndex="0">
        <baseMaterialConfiguration name="Original" color="0.565 0.412 0 0"/>
        <material name="Romork_Mat" shaderParameter="colorMat0"/>
        <material name="Addition_Mat" shaderParameter="colorMat0"/>
    </baseMaterialConfigurations>

    <designMaterialConfigurations title="Çadır Renk" price="50" useDefaultColors="true" defaultColorIndex="0">
        <designMaterialConfiguration name="Original" color="0.5 0.5 0.5 5"/>
        <material name="Cover_Mat" shaderParameter="colorMat0" />
    </designMaterialConfigurations>

    <designMaterial2Configurations title="Şerit Renk 1" price="0" useDefaultColors="true" defaultColorIndex="0">
        <designMaterial2Configuration name="Original" color="0.5 0.5 0.5 5"/>
        <material name="Bayrak_Tex" shaderParameter="colorMat0" />
        <material name="SideTex_Mat" shaderParameter="colorMat0" />
    </designMaterial2Configurations>

    <designMaterial3Configurations title="Şerit Renk 2" price="0" useDefaultColors="true" defaultColorIndex="0">
        <designMaterial3Configuration name="Original" color="0.5 0.5 0.5 5"/>
        <material name="SideTex_Mat" shaderParameter="colorMat1" />
    </designMaterial3Configurations>

    <rimColorConfigurations defaultColorIndex="0" price="300" useDefaultColors="true">
        <rimColorConfiguration name="Standart" color="0.6 0.6 0.6"/>
    </rimColorConfigurations>

    <i3dMappings>
        <i3dMapping id="trailerMainComponent" node="0>" />
        <i3dMapping id="trailerDollyComponent2" node="1>" />
        <i3dMapping id="trailerDrawbarComponent3" node="2>" />
        <i3dMapping id="trailerVis" node="0>0" />
        <i3dMapping id="componentJointFront" node="1>1" />
        <i3dMapping id="componentJointDrawbar" node="2>0" />

        <!--Wheel-->
        <i3dMapping id="wheelFrontLeft1" node="1>0|0" />
        <i3dMapping id="wheelFrontRight1" node="1>0|1" />
        <i3dMapping id="wheelBackLeft1" node="0>0|1|0" />
        <i3dMapping id="wheelBackRight1" node="0>0|1|1" />
        <i3dMapping id="wheelBackLeft2" node="0>0|1|2" />
        <i3dMapping id="wheelBackRight2" node="0>0|1|3" />

        <!--Body-->
        <i3dMapping id="bodyLeft" node="0>0|2" />
        <i3dMapping id="bodyRight" node="0>0|2|0" />
        <i3dMapping id="bodyMesh" node="0>0|2|0|0" />
        <i3dMapping id="leftDoor1" node="0>0|2|0|0|2|0" />
        <i3dMapping id="leftDoor2" node="0>0|2|0|0|2|1" />
        <i3dMapping id="leftDoor3" node="0>0|2|0|0|2|2" />
        <i3dMapping id="rightDoor1" node="0>0|2|0|0|2|6" />
        <i3dMapping id="rightDoor2" node="0>0|2|0|0|2|7" />
        <i3dMapping id="rightDoor3" node="0>0|2|0|0|2|8" />
        <i3dMapping id="backDoor" node="0>0|2|0|0|2|12" />
        <i3dMapping id="coverMesh" node="0>0|2|0|0|4|1|0" />
        <i3dMapping id="coverNode" node="0>0|2|0|0|4|1" />
        <i3dMapping id="trailerAddition" node="0>0|2|0|0|4|3" />
        <i3dMapping id="metalAddition" node="0>0|2|0|0|4|0" />

        <!--Others-->
        <i3dMapping id="exactFillRootNode" node="0>0|2|0|0|0|0" />
        <i3dMapping id="fillAutoAimTargetNode" node="0>0|2|0|0|0|1" />
        <i3dMapping id="fillVolume" node="0>0|2|0|0|0|2" />
        <i3dMapping id="unloadInfoBack" node="0>0|2|0|0|0|3" />
        <i3dMapping id="unloadInfoLeft" node="0>0|2|0|0|0|4" />
        <i3dMapping id="unloadInfoRight" node="0>0|2|0|0|0|5" />
        <i3dMapping id="fillVolumeAddition" node="0>0|2|0|0|0|6" />
        <i3dMapping id="unloadInfoDoor" node="0>0|2|0|0|0|7" />
        <i3dMapping id="dischargeNodeBack" node="0>0|5|0" />
        <i3dMapping id="effectGrainBack" node="0>0|2|0|0|1|0|0|0"/>
        <i3dMapping id="effectSmokeBack" node="0>0|2|0|0|1|0|0|1"/>
        <i3dMapping id="effectParticleBack" node="0>0|2|0|0|1|0|1|0"/>
        <i3dMapping id="effectGrainLeft1" node="0>0|2|0|0|1|1|0|0"/>
        <i3dMapping id="effectSmokeLeft1" node="0>0|2|0|0|1|1|0|1"/>
        <i3dMapping id="effectParticleLeft1" node="0>0|2|0|0|1|1|1|0"/>
        <i3dMapping id="effectGrainLeft2" node="0>0|2|0|0|1|2|0|0"/>
        <i3dMapping id="effectSmokeLeft2" node="0>0|2|0|0|1|2|0|1"/>
        <i3dMapping id="effectParticleLeft2" node="0>0|2|0|0|1|2|1|0"/>
        <i3dMapping id="effectGrainLeft3" node="0>0|2|0|0|1|3|0|0"/>
        <i3dMapping id="effectSmokeLeft3" node="0>0|2|0|0|1|3|0|1"/>
        <i3dMapping id="effectParticleLeft3" node="0>0|2|0|0|1|3|1|0"/>
        <i3dMapping id="effectGrainRight1" node="0>0|2|0|0|1|4|0|0"/>
        <i3dMapping id="effectSmokeRight1" node="0>0|2|0|0|1|4|0|1"/>
        <i3dMapping id="effectParticleRight1" node="0>0|2|0|0|1|4|1|0"/>
        <i3dMapping id="effectGrainRight2" node="0>0|2|0|0|1|5|0|0"/>
        <i3dMapping id="effectSmokeRight2" node="0>0|2|0|0|1|5|0|1"/>
        <i3dMapping id="effectParticleRight2" node="0>0|2|0|0|1|5|1|0"/>
        <i3dMapping id="effectGrainRight3" node="0>0|2|0|0|1|6|0|0"/>
        <i3dMapping id="effectSmokeRight3" node="0>0|2|0|0|1|6|0|1"/>
        <i3dMapping id="effectParticleRight3" node="0>0|2|0|0|1|6|1|0"/>
        ,<i3dMapping id="effectGrainBack2" node="0>0|2|0|0|1|7|0|0"/>
        <i3dMapping id="effectSmokeBack2" node="0>0|2|0|0|1|7|0|1"/>
        <i3dMapping id="effectParticleBack2" node="0>0|2|0|0|1|7|1|0"/>

        <!--Decals-->
        <i3dMapping id="decalType11" node="0>0|2|0|0|2|2|0" />
        <i3dMapping id="decalType12" node="0>0|2|0|0|2|5|0" />
        <i3dMapping id="decalType13" node="0>0|2|0|0|2|8|0" />
        <i3dMapping id="decalType14" node="0>0|2|0|0|2|11|0" />

        <i3dMapping id="decalType21" node="0>0|2|0|0|2|0|0" />
        <i3dMapping id="decalType22" node="0>0|2|0|0|2|1|0" />
        <i3dMapping id="decalType23" node="0>0|2|0|0|2|2|1" />
        <i3dMapping id="decalType24" node="0>0|2|0|0|2|5|1" />
        <i3dMapping id="decalType25" node="0>0|2|0|0|2|6|0" />
        <i3dMapping id="decalType26" node="0>0|2|0|0|2|7|0" />
        <i3dMapping id="decalType27" node="0>0|2|0|0|2|8|1" />
        <i3dMapping id="decalType28" node="0>0|2|0|0|2|11|1" />

        <!--Piston-->

        <!--Attacher-->
        <i3dMapping id="attacherJoint" node="2>0|2" />
        
    </i3dMappings>
</vehicle>