<?xml version="1.0" encoding="utf-8" standalone="no" ?>
<placeable type="productionPoint" xmlns:xsi="http://www.w3.org/2001/XMLSchema-instance" xsi:noNamespaceSchemaLocation="../../../../shared/xml/schema/placeable.xsd">
    <storeData>
        <name>$l10n_storeItem_planET_bga60kw</name>
        <functions>
            <function>$l10n_function_productionPoint</function>
        </functions>
        <image>store_bga60kw.dds</image>
        <price>150000</price>
        <lifetime>1000</lifetime>
        <rotation>0</rotation>
        <brand>PLANET</brand>
        <species>placeable</species>
        <category>productionPoints</category>
        <brush>
            <type>placeable</type>
            <category>production</category>
            <tab>factories</tab>
        </brush>

        <storeIconRendering>
            <settings cameraXRot="-15" cameraYRot="40" advancedBoundingBox="true"/>
        </storeIconRendering>       
        <vertexBufferMemoryUsage>1689600</vertexBufferMemoryUsage>
        <indexBufferMemoryUsage>204032</indexBufferMemoryUsage>
        <textureMemoryUsage>6684672</textureMemoryUsage>
        <audioMemoryUsage>0</audioMemoryUsage>
        <instanceVertexBufferMemoryUsage>0</instanceVertexBufferMemoryUsage>
        <instanceIndexBufferMemoryUsage>0</instanceIndexBufferMemoryUsage>
    </storeData>

    <base>
        <filename>BGA.i3d</filename>
        <canBeRenamed>true</canBeRenamed>
    </base>

    <placement useRandomYRotation="false" useManualYRotation="true" placementRotationSnapAngle="1" placementPositionSnapSize="0.5" placementPositionSnapOffset="0.25">
        <testAreas>
            <testArea startNode="testArea1Start" endNode="testArea1End" />
        </testAreas>

        <sounds>
            <place template="medImp" />
        </sounds>
    </placement>

    <clearAreas>
        <clearArea startNode="clearArea1Start" widthNode="clearArea1Width" heightNode="clearArea1Height"/>
    </clearAreas>

    <leveling requireLeveling="true" maxSmoothDistance="10" maxSlope="75" maxEdgeAngle="30" >
        <levelAreas>
            <levelArea startNode="clearArea1Start" widthNode="clearArea1Width" heightNode="clearArea1Height" groundType="asphalt"/>
        </levelAreas>
    </leveling>

    <indoorAreas>
        <indoorArea startNode="indoorArea1Start" widthNode="indoorArea1Width" heightNode="indoorArea1Height"/>
    </indoorAreas>

    <tipOcclusionUpdateAreas>
        <tipOcclusionUpdateArea startNode="tipOcclusionUpdateArea1Start" endNode="tipOcclusionUpdateArea1End" />
    </tipOcclusionUpdateAreas>

    <ai>
        <updateAreas>
            <updateArea startNode="tipOcclusionUpdateArea1Start" endNode="tipOcclusionUpdateArea1End" />
        </updateAreas>
    </ai>

    <infoTrigger triggerNode="infoTrigger"/>

    <triggerMarkers>
        <triggerMarker node="unloadTriggerMixerMarker"        filename="$data/shared/assets/marker/markerIcons.xml" id="UNLOAD" adjustToGround="false" />
        <triggerMarker node="unloadTriggerLiquidManureMarker" filename="$data/shared/assets/marker/markerIcons.xml" id="UNLOAD" adjustToGround="true" />
        <triggerMarker node="loadTriggerMarker"               filename="$data/shared/assets/marker/markerIcons.xml" id="LOAD"   adjustToGround="true" />
        <triggerMarker node="playerTriggerMarker"             filename="$data/shared/assets/marker/markerIcons.xml" id="WRENCH" adjustToGround="true" />
    </triggerMarkers>

    <hotspots>
        <hotspot type="PRODUCTION_POINT" linkNode="hotspotMarker" teleportNode="teleportNode"/>
    </hotspots>

    <productionPoint>
        <productions sharedThroughputCapacity="false">
            <production id="biogas" name="$l10n_fillType_silage" cyclesPerHour="2" costsPerActiveHour="2.5">
                <inputs>
                    <input fillType="SILAGE" amount="840" />
                </inputs>
                <outputs>
                    <output fillType="ELECTRICCHARGE" amount="756"  sellDirectly="true"/>
                    <output fillType="METHANE"        amount="1"    sellDirectly="true"/>
                    <output fillType="DIGESTATE"      amount="252" />
                </outputs>
            </production>
            <production id="biogasLiquidManure" name="$l10n_fillType_liquidManure" cyclesPerHour="1" costsPerActiveHour="2.5">
                <inputs>
                    <input fillType="LIQUIDMANURE" amount="200" />
                </inputs>
                <outputs>
                    <output fillType="ELECTRICCHARGE" amount="180"  sellDirectly="true"/>
                    <output fillType="METHANE"        amount="1"    sellDirectly="true"/>
                    <output fillType="DIGESTATE"      amount="60" />
                </outputs>
            </production>
            <production id="biogasManure" name="$l10n_fillType_manure" cyclesPerHour="1" costsPerActiveHour="2.5">
                <inputs>
                    <input fillType="MANURE" amount="200" />
                </inputs>
                <outputs>
                    <output fillType="ELECTRICCHARGE" amount="180"  sellDirectly="true"/>
                    <output fillType="METHANE"        amount="1"    sellDirectly="true"/>
                    <output fillType="DIGESTATE"      amount="60" />
                </outputs>
            </production>
            <production id="biogasSugarbeetCut" name="$l10n_fillType_sugarBeetCut" cyclesPerHour="1" costsPerActiveHour="2.5">
                <inputs>
                    <input fillType="SUGARBEET_CUT" amount="100" />
                </inputs>
                <outputs>
                    <output fillType="ELECTRICCHARGE" amount="90"   sellDirectly="true"/>
                    <output fillType="METHANE"        amount="1"    sellDirectly="true"/>
                    <output fillType="DIGESTATE"      amount="30" />
                </outputs>
            </production>
        </productions>

        <sellingStation node="sellingStation" appearsOnStats="true" supportsExtension="true">
            <unloadTrigger exactFillRootNode="unloadTriggerLiquidManure" fillTypes="LIQUIDMANURE" aiNode="unloadTriggerLiquidManureAiNode"/>

            <unloadTrigger exactFillRootNode="unloadTriggerMixer"        fillTypes="SILAGE MANURE SUGARBEET_CUT" />
            <unloadTrigger fillTypes="SILAGE">
                <baleTrigger triggerNode="baleTrigger" />
            </unloadTrigger>

            <unloadTrigger exactFillRootNode="unloadTriggerInFront"      fillTypes="SILAGE MANURE SUGARBEET_CUT" aiNode="unloadTriggerInFrontAINode"/>
            <unloadTrigger fillTypes="SILAGE">
                <baleTrigger triggerNode="baleTriggerInFront" />
            </unloadTrigger>

            <animationNodes>
                <animationNode node="mixingDrum" rotAxis="2" rotSpeed="-80" />
            </animationNodes>
        </sellingStation>

        <loadingStation>
            <loadTrigger triggerNode="loadTrigger" fillTypes="DIGESTATE" aiNode="loadTriggerAiNode"/>
        </loadingStation>

        <storage isExtension="false" fillLevelSyncThreshold="100">
            <capacity fillType="SILAGE"        capacity="30000" />
            <capacity fillType="MANURE"        capacity="7200" />
            <capacity fillType="SUGARBEET_CUT" capacity="3600" />
            <capacity fillType="LIQUIDMANURE"  capacity="30000" />
            <capacity fillType="DIGESTATE"     capacity="300000" />

            <dynamicFillPlane node="bunkerFillVolume" allSidePlanes="false" maxAllowedHeapAngle="10" maxDelta="0.2" defaultFillType="SILAGE"/>
        </storage>

        <playerTrigger node="playerTrigger" />

        <sounds>
            <idle template="dairyIdle" linkNode="0>" outerRadius="50"/>
            <active template="dairyWork" linkNode="0>" outerRadius="50"/>
        </sounds>
    </productionPoint>

    <i3dMappings>
        <i3dMapping id="clearArea1Start" node="0>0|0" />
        <i3dMapping id="clearArea1Width" node="0>0|0|0" />
        <i3dMapping id="clearArea1Height" node="0>0|0|1" />
        <i3dMapping id="indoorArea1Start" node="0>1|0" />
        <i3dMapping id="indoorArea1Width" node="0>1|0|0" />
        <i3dMapping id="indoorArea1Height" node="0>1|0|1" />
        <i3dMapping id="testArea1Start" node="0>2|0" />
        <i3dMapping id="testArea1End" node="0>2|0|0" />
        <i3dMapping id="tipOcclusionUpdateArea1Start" node="0>3|0" />
        <i3dMapping id="tipOcclusionUpdateArea1End" node="0>3|0|0" />
        <i3dMapping id="infoTrigger" node="0>4" />
        <i3dMapping id="mixingDrum" node="0>5|9" />
        <i3dMapping id="hotspotMarker" node="0>9" />
        <i3dMapping id="teleportNode" node="0>10" />
        <i3dMapping id="loadTrigger" node="0>11|0|0" />
        <i3dMapping id="loadTriggerMarker" node="0>11|0|1" />
        <i3dMapping id="loadTriggerAiNode" node="0>11|0|2" />
        <i3dMapping id="unloadTriggerLiquidManure" node="0>11|1|0" />
        <i3dMapping id="unloadTriggerLiquidManureMarker" node="0>11|1|1" />
        <i3dMapping id="unloadTriggerLiquidManureAiNode" node="0>11|1|2" />
        <i3dMapping id="bunkerFillVolume" node="0>11|2|0" />
        <i3dMapping id="baleTrigger" node="0>11|2|1" />
        <i3dMapping id="unloadTriggerMixer" node="0>11|2|2" />
        <i3dMapping id="unloadTriggerMixerMarker" node="0>11|2|3" />
        <i3dMapping id="unloadTriggerInFront" node="0>11|3|0" />
        <i3dMapping id="baleTriggerInFront" node="0>11|3|1" />
        <i3dMapping id="unloadTriggerInFrontAINode" node="0>11|3|2" />
        <i3dMapping id="playerTrigger" node="0>11|4" />
        <i3dMapping id="playerTriggerMarker" node="0>11|5" />
    </i3dMappings>
</placeable>
