<?xml version="1.0" encoding="utf-8" standalone="no" ?>
<modDesc descVersion="63">
    <author>MefiuFs</author>
    <version>1.0.0.0</version>

    <title>
        <en>BGA 60kw</en>
    </title>

    <description>
        <en>
<![CDATA[Compact 50kW BGA system. Intended for medium to large companies. Use your silage but also animal remains.
Price: 150000 €
]]>
        </en>
        <de>
<![CDATA[Kompakte 50kW BGA Anlage. Für mittlere bis Großbetriebe gedacht. Verwerten sie ihre Silage, sowie auch tierische Hinterlassenschaften.
Preis: 150000 €
]]>
        </de>
    </description>

    <iconFilename>icon_bga60kw.dds</iconFilename>
    <multiplayer supported="true"/>

    <storeItems>
        <storeItem xmlFilename="bga60kw.xml"/>
    </storeItems>

    <l10n>
        <text name="storeItem_planET_bga60kw">
            <en>Biogas plant 60kw</en>
            <de>Biogasanlage 60kw</de>
            <pl>Biogazownia 60kw</pl>
        </text>
    </l10n>

</modDesc>