<?xml version='1.0' encoding='utf-8' standalone='no'?>
<wheel xmlns:xsi="http://www.w3.org/2001/XMLSchema-instance" xsi:noNamespaceSchemaLocation="../../../../../../shared/xml/schema/wheel.xsd">
    <brand>CONTINENTAL</brand>
    <name>TractorMaster</name>
    <default>
        <physics radius="0.668" width="0.48" mass="0.193" tireType="mud" frictionScale="1.60" maxLongStiffness="8" maxLatStiffness="100" maxLatStiffnessLoad="2"/>
        <tire filename="$data/shared/wheels/tires/continental/tractorMaster/R28_tractorMaster.i3d" nodeLeft="1|0" nodeRight="1|0" maxDeformation="0.062" sideDeformOffset="0.966" isCareWheel="false" tireTrackAtlasIndex="0"/>
        <outerRim filename="$data/shared/wheels/rims/rim001.i3d" node="1|0" widthAndDiam="15 28"/>
        <innerRim filename="shared/rims/t6Rims.i3d" nodeLeft="1|0" nodeRight="1|1" widthAndDiam="40 40" scale="0.7 0.7 0.7"/>
    </default>
    <configurations>
        <configuration id="dual">
            <innerRim filename="-"/>
        </configuration>
    </configurations>
</wheel>
