<?xml version='1.0' encoding='utf-8' standalone='no'?>
<wheel xmlns:xsi="http://www.w3.org/2001/XMLSchema-instance" xsi:noNamespaceSchemaLocation="../../../../../../shared/xml/schema/wheel.xsd">
    <brand>CONTINENTAL</brand>
    <name>TractorMaster</name>
    <default>
        <physics radius="0.906" width="0.65" mass="0.359" tireType="mud" frictionScale="1.60" maxLongStiffness="10" maxLatStiffness="120" maxLatStiffnessLoad="2"/>
        <tire filename="$data/shared/wheels/tires/continental/tractorMaster/R38_tractorMaster.i3d" nodeLeft="2|0" nodeRight="2|0" maxDeformation="0.085" sideDeformOffset="0.966" isCareWheel="false" tireTrackAtlasIndex="0"/>
        <outerRim filename="$data/shared/wheels/rims/rim001.i3d" node="1|0" widthAndDiam="20 38"/>
        <innerRim filename="shared/rims/t6Rims.i3d" nodeLeft="0|0" nodeRight="0|1" widthAndDiam="20 38" />
    </default>
    <configurations>
        <configuration id="dual" >
            <innerRim filename="-" />
        </configuration>
        <configuration id="cnhWeight" >
            <additional filename="shared/weights/cnhWheelWeights.i3d" nodeLeft="0|0" nodeRight="0|1" mass="0.45" />
        </configuration>
    </configurations>
</wheel>
