<?xml version="1.0" encoding="utf-8" standalone="no" ?>
<wheel xmlns:xsi="http://www.w3.org/2001/XMLSchema-instance" xsi:noNamespaceSchemaLocation="../../../../../../shared/xml/schema/wheel.xsd">
    <brand>VREDESTEIN</brand>
    <name>Traxion 65</name>
    <default>
        <physics radius="0.7" width="0.54" mass="0.215" tireType="mud" frictionScale="1.60" maxLongStiffness="9" maxLatStiffness="110" maxLatStiffnessLoad="2"/>
        <tire filename="$data/shared/wheels/tires/vredestein/traxion65/R28_traxion65.i3d" nodeLeft="2|0" nodeRight="2|0" maxDeformation="0.07" sideDeformOffset="0.966" isCareWheel="false" tireTrackAtlasIndex="0"/>
        <outerRim filename="$data/shared/wheels/rims/rim001.i3d" node="1|0" widthAndDiam="16 28"/>
        <innerRim filename="shared/rims/t6Rims.i3d" nodeLeft="1|0" nodeRight="1|1" widthAndDiam="40 40" scale="0.7 0.7 0.7"/>
    </default>
    <configurations>
        <configuration id="dual" >
            <innerRim filename="-" />
        </configuration>
    </configurations>
</wheel>
