<?xml version="1.0" encoding="utf-8" standalone="no" ?>
<modDesc descVersion="80">
    <author>SMI Modding Team</author>
    <version>1.0.2.0</version>
    <title>
        <en>Dynamic Lowering</en>
        <de>Dynamisches Absenken</de>
    </title>
    <description>
    <en>
<![CDATA[This mod allows the implements with which it is associated a dynamic lowering into the soil once lowered in the work phase.

LIST OF COMPATIBLE MODS:
Version 1.0.0.0 or newer
- Ermo Pack (by SMI Modding Team)
- MGP P Series (by SMI Modding Team)
Version 1.0.1.0 or newer
- Ocrama Kane 300 (by SMI Modding Team)
- Valentini Ripper 5500 (by SMI Modding Team)
- Pastò Thor 300 (by A-ndrea)
- Ermo Ripper 300 (by A-ndrea)
- Horsch Terrano 3FX (by Jonas)
Version 1.0.2.0 or newer
- Namyslo Marracell 300 (by JMZ)
- Rolmako U436 (by JMZ)
- Rolmako U436 HP (by JMZ)
- Rolmako U436 H HP Pack (by JMZ)
- Rolmako U436 4 SH (by JMZ)
- Unia Cross Drive (by JMZ)
- Landstal Pack (by JMZ) 

For any integration requests on other equipment, please feel free to contact us via social or e-mail.

Changelog v. 1.0.2.0:
- Added tools on the list of compatible mods]]>
    </en>
    <de>
<![CDATA[Dieser Mod ermöglicht den Anbaugeräten, mit denen er verbunden ist, ein dynamisches Absenken in den Boden, sobald sie in der Arbeitsphase abgesenkt wurden.

LIST OF COMPATIBLE MODS:
Version 1.0.0.0 oder neuer
- Ermo Pack (by SMI Modding Team)
- MGP P Series (by SMI Modding Team)
Version 1.0.1.0 oder neuer
- Ocrama Kane 300 (by SMI Modding Team)
- Valentini Ripper 5500 (by SMI Modding Team)
- Pastò Thor 300 (by A-ndrea)
- Ermo Ripper 300 (by A-ndrea)
- Horsch Terrano 3FX (by Jonas)
Version 1.0.2.0 oder neuer
- Namyslo Marracell 300 (by JMZ)
- Rolmako U436 (by JMZ)
- Rolmako U436 HP (by JMZ)
- Rolmako U436 H HP Pack (by JMZ)
- Rolmako U436 4 SH (by JMZ)
- Unia Cross Drive (by JMZ)
- Landstal Pack (by JMZ) 

Für Integrationsanfragen zu anderen Geräten können Sie uns gerne über soziale Netzwerke oder per E-Mail kontaktieren.

Changelog v. 1.0.2.0:
- Added tools on the list of compatible mods]]>
    </de>
    <fr>
<![CDATA[Ce module permet aux outils auxquels il est associé une descente dynamique dans le sol une fois qu'ils sont descendus dans la phase de travail.

LIST OF COMPATIBLE MODS:
Version 1.0.0.0 ou plus récente
- Ermo Pack (by SMI Modding Team)
- MGP P Series (by SMI Modding Team)
Version 1.0.1.0 ou plus récente
- Ocrama Kane 300 (by SMI Modding Team)
- Valentini Ripper 5500 (by SMI Modding Team)
- Pastò Thor 300 (by A-ndrea)
- Ermo Ripper 300 (by A-ndrea)
- Horsch Terrano 3FX (by Jonas)
Version 1.0.2.0 ou plus récente
- Namyslo Marracell 300 (by JMZ)
- Rolmako U436 (by JMZ)
- Rolmako U436 HP (by JMZ)
- Rolmako U436 H HP Pack (by JMZ)
- Rolmako U436 4 SH (by JMZ)
- Unia Cross Drive (by JMZ)
- Landstal Pack (by JMZ) 

Pour toute demande d'intégration sur d'autres équipements, n'hésitez pas à nous contacter par téléphone ou par e-mail.

Changelog v. 1.0.2.0:
- Added tools on the list of compatible mod]]>
    </fr>
    <it>
<![CDATA[Questa mod permette agli attrezzi a cui è associata un abbassamento dinamico nel terreno una volta abbassato in fase di lavoro.

LIST OF COMPATIBLE MODS:
Versione 1.0.0.0 o più recente
- Ermo Pack (by SMI Modding Team)
- MGP P Series (by SMI Modding Team)
Versione 1.0.1.0 o più recente
- Ocrama Kane 300 (by SMI Modding Team)
- Valentini Ripper 5500 (by SMI Modding Team)
- Pastò Thor 300 (by A-ndrea)
- Ermo Ripper 300 (by A-ndrea)
- Horsch Terrano 3FX (by Jonas)
Versione 1.0.2.0 o più recente
- Namyslo Marracell 300 (by JMZ)
- Rolmako U436 (by JMZ)
- Rolmako U436 HP (by JMZ)
- Rolmako U436 H HP Pack (by JMZ)
- Rolmako U436 4 SH (by JMZ)
- Unia Cross Drive (by JMZ)
- Landstal Pack (by JMZ) 

Per qualsiasi richiesta di integrazione su altre attrezzature non esitate a contattarci via social o e-mail.

Changelog v. 1.0.2.0:
- Added tools on the list of compatible mod]]>
    </it>
    </description>
    <iconFilename>icon_DynamicLowering.png</iconFilename>
    <multiplayer supported="true"/>
	
	<specializations>
        <specialization name="dynamicLowering" className="dynamicLowering" filename="scripts/dynamicLowering.lua" >
            <destinationMod name="FS22_MGP_Series" addTo="subsoilerMGP"/>
            <destinationMod name="FS22_Ermo_Pack" addTo="subsoilerERMO"/>
            <destinationMod name="FS22_Ermo_Pack" addTo="cultivatorERMO"/>
            <destinationMod name="FS22_Ermo_Pack" addTo="plowERMO"/>
            <destinationMod name="FS22_OcramaKane300" addTo="cultivatorOCRAMA"/>
            <destinationMod name="FS22_ValentiniRipper5500" addTo="ripperVALENTINI"/>
            <destinationMod name="FS22_ErmoRipper300" addTo="subsoilerERMO"/>
            <destinationMod name="FS22_PastoThor300" addTo="subsoilerPASTO"/>
            <destinationMod name="FS22_HorschTerrano3FX" addTo="cultivatorHORSCH"/>
            <destinationMod name="FS22_HorschTerrano3FX" addTo="cultivatingSowingMachineHORSCH"/>
            <destinationMod name="FS22_NamysloMarracell" addTo="cultivatorNAMYSLO"/>
            <destinationMod name="FS22_RolmakoU436" addTo="cultivatorROLMAKO"/>
            <destinationMod name="FS22_RolmakoU436" addTo="mulcherRollROLMAKO"/>
            <destinationMod name="FS22_RolmakoU436HP" addTo="cultivatorROLMAKO"/>
            <destinationMod name="FS22_Rolmako_U436_H_HP_Pack" addTo="cultivatorROLMAKO"/>
            <destinationMod name="FS22_RolmakoU436_4_SH" addTo="cultivatorROLMAKO"/>
            <destinationMod name="FS22_RolmakoU624" addTo="cultivatorROLMAKO"/>
            <destinationMod name="FS22_UniaCross_Drive" addTo="cultivatorUNIA"/>
            <destinationMod name="FS22_Landstal_Pack" addTo="cultivatorLANDSTAL"/>
        </specialization>
     </specializations>

    <extraSourceFiles>
        <sourceFile filename="scripts/AddSpec.lua"/>
    </extraSourceFiles>
</modDesc>