<?xml version="1.0" encoding="utf-8" standalone="no" ?>
<placeable type="bunkerSilo" xmlns:xsi="http://www.w3.org/2001/XMLSchema-instance" xsi:noNamespaceSchemaLocation="../../../../../shared/xml/schema/placeable.xsd">
    <storeData>
        <name>
			<en>Field silo 34x30m with concrete</en>
            <de>Freiland Silo 34x30m mit Beton</de>
		</name>
        <functions>
            <function>$l10n_function_bunkerSilo</function>
        </functions>
        <image>store/store_fieldSilo_34x30m_concrete.png</image>
        <price>76500</price>
        <dailyUpkeep>20</dailyUpkeep>
        <lifetime>1000</lifetime>
        <rotation>0</rotation>
        <brand>NONE</brand>
        <species>placeable</species>
        <category>silos</category>
        <brush>
            <type>placeable</type>
            <category>buildings</category>
            <tab>silos</tab>
        </brush>
        <storeIconRendering>
            <settings cameraXRot="-25" advancedBoundingBox="true"/>
        </storeIconRendering>
        <audioMemoryUsage>0</audioMemoryUsage>
        <vertexBufferMemoryUsage>23296</vertexBufferMemoryUsage>
        <indexBufferMemoryUsage>5376</indexBufferMemoryUsage>
        <textureMemoryUsage>2228224</textureMemoryUsage>
        <instanceVertexBufferMemoryUsage>0</instanceVertexBufferMemoryUsage>
        <instanceIndexBufferMemoryUsage>0</instanceIndexBufferMemoryUsage>
    </storeData>

    <base>
        <filename>i3d/fieldSilo_34x30m.i3d</filename>
		<boughtWithFarmland>true</boughtWithFarmland>
    </base>

    <placement useRandomYRotation="false" useManualYRotation="true" placementPositionSnapSize="1" placementRotationSnapAngle="90" >
        <testAreas>
            <testArea startNode="testArea1Start" endNode="testArea1End" />
        </testAreas>
    </placement>

    <clearAreas>
        <clearArea startNode="clearArea1Start" widthNode="clearArea1Width" heightNode="clearArea1Height"/>
    </clearAreas>
	

    <leveling requireLeveling="true" maxSmoothDistance="10" maxSlope="75" maxEdgeAngle="30">
        <levelAreas>
            <levelArea startNode="levelArea1Start" widthNode="levelArea1Width" heightNode="levelArea1Height"/>
        </levelAreas>
		
		<paintAreas>
			<paintArea startNode="paintArea1Start" widthNode="paintArea1Width" heightNode="paintArea1Height" groundType="grass" />
			<paintArea startNode="paintArea2Start" widthNode="paintArea2Width" heightNode="paintArea2Height" groundType="concrete" />
		</paintAreas>
    </leveling>
	
	<foliageAreas>
        <foliageArea startNode="foliageArea1Start" widthNode="foliageArea1Width" heightNode="foliageArea1Height" decoFoliage="grassShort" />
		<foliageArea startNode="foliageArea2Start" widthNode="foliageArea2Width" heightNode="foliageArea2Height" decoFoliage="grassShort" />
 		<foliageArea startNode="foliageArea3Start" widthNode="foliageArea3Width" heightNode="foliageArea3Height" decoFoliage="grassShort" />
    </foliageAreas>

    <indoorAreas />

    <tipOcclusionUpdateAreas>
        <tipOcclusionUpdateArea startNode="tipOcclusionUpdateArea1Start" endNode="tipOcclusionUpdateArea1End" />
    </tipOcclusionUpdateAreas>

    <ai>
        <updateAreas>
            <updateArea startNode="tipOcclusionUpdateArea1Start" endNode="tipOcclusionUpdateArea1End" />
        </updateAreas>
    </ai>

    <bunkerSilo isExtendable="true" siloToSiloDistance="36" snapDistance="37" acceptedFillTypes="chaff grass_windrow dryGrass_windrow" inputFillType="chaff" outputFillType="silage" distanceToCompactedFillLevel="100" openingLength="2" >
        <area startNode="siloAreaStart" widthNode="siloAreaWidth" heightNode="siloAreaHeight" />
        <interactionTrigger node="siloTrigger" />
    </bunkerSilo>

    <i3dMappings>
        <i3dMapping id="siloAreaStart" node="0>0|0|0" />
        <i3dMapping id="siloAreaWidth" node="0>0|0|1" />
        <i3dMapping id="siloAreaHeight" node="0>0|0|2" />
        <i3dMapping id="siloTrigger" node="0>0|0|3" />
        <i3dMapping id="clearArea1Start" node="0>1|0" />
        <i3dMapping id="clearArea1Width" node="0>1|0|0" />
        <i3dMapping id="clearArea1Height" node="0>1|0|1" />
        <i3dMapping id="levelArea1Start" node="0>2|0" />
        <i3dMapping id="levelArea1Width" node="0>2|0|0" />
        <i3dMapping id="levelArea1Height" node="0>2|0|1" />
        <i3dMapping id="testArea1Start" node="0>3|0" />
        <i3dMapping id="testArea1End" node="0>3|0|0" />
        <i3dMapping id="tipOcclusionUpdateArea1Start" node="0>4|0" />
        <i3dMapping id="tipOcclusionUpdateArea1End" node="0>4|0|0" />
		<i3dMapping id="paintArea1Start" node="0>8|0" />
        <i3dMapping id="paintArea1Width" node="0>8|0|0" />
        <i3dMapping id="paintArea1Height" node="0>8|0|1" />
		<i3dMapping id="paintArea2Start" node="0>8|1" />
        <i3dMapping id="paintArea2Width" node="0>8|1|0" />
        <i3dMapping id="paintArea2Height" node="0>8|1|1" />
		<i3dMapping id="foliageArea1Start" node="0>9|0" />
        <i3dMapping id="foliageArea1Width" node="0>9|0|0" />
        <i3dMapping id="foliageArea1Height" node="0>9|0|1" />
		<i3dMapping id="foliageArea2Start" node="0>9|1" />
        <i3dMapping id="foliageArea2Width" node="0>9|1|0" />
        <i3dMapping id="foliageArea2Height" node="0>9|1|1" />
		<i3dMapping id="foliageArea3Start" node="0>9|2" />
        <i3dMapping id="foliageArea3Width" node="0>9|2|0" />
        <i3dMapping id="foliageArea3Height" node="0>9|2|1" />
    </i3dMappings>
</placeable>
