<?xml version='1.0' encoding='utf-8'?>
<placeable type="simplePlaceable" xmlns:xsi="http://www.w3.org/2001/XMLSchema-instance" xsi:noNamespaceSchemaLocation="../../../../shared/xml/schema/placeable.xsd">
     <storeData>
        <name>			
			<en>Half-timbered barn</en>
			<de>Fachwerkscheune</de>
		</name>
        <functions>
            <function>$l10n_function_shed</function>
        </functions>
        <image>halfTimberedBarnPlaster.dds</image>
        <price>31500</price>
        <dailyUpkeep>50</dailyUpkeep>
        <lifetime>1000</lifetime>
        <rotation>0</rotation>
        <brand>none</brand>
        <species>placeable</species>
        <category>sheds</category>
        <canBeSold>true</canBeSold>
        <showInStore>true</showInStore>
        <vertexBufferMemoryUsage>409344</vertexBufferMemoryUsage>
        <indexBufferMemoryUsage>72704</indexBufferMemoryUsage>
        <textureMemoryUsage>3342336</textureMemoryUsage>
        <audioMemoryUsage>0</audioMemoryUsage>
        <instanceVertexBufferMemoryUsage>0</instanceVertexBufferMemoryUsage>
        <instanceIndexBufferMemoryUsage>0</instanceIndexBufferMemoryUsage>
    </storeData> 

    <base>
        <filename>halfTimberedBarnPlaster.i3d</filename>
    </base>
	
	<placement useRandomYRotation="false" useManualYRotation="true">
        <testAreas>
            <testArea startNode="testArea01Start" endNode="testArea01End" />
        </testAreas>

        <sounds>
            <place template="largeImp" />
        </sounds>
    </placement>
	
    <clearAreas>
        <clearArea startNode="clearArea01Start" widthNode="clearArea01Width" heightNode="clearArea01Height"/>
    </clearAreas>  
  
    <leveling requireLeveling="true" maxSmoothDistance="5" maxSlope="75" maxEdgeAngle="30">
        <levelAreas>
            <levelArea startNode="levelingArea01Start" widthNode="levelingArea01Width" heightNode="levelingArea01Height" groundType="asphalt"/>
        </levelAreas>
    </leveling>
	
	<indoorAreas>
        <indoorArea startNode="indoorArea01Start" widthNode="indoorArea01Width" heightNode="indoorArea01Height"/>
    </indoorAreas> 

    <tipOcclusionUpdateAreas>
        <tipOcclusionUpdateArea startNode="tipOcclusionUpdateArea1Start" endNode="tipOcclusionUpdateArea1End" />
    </tipOcclusionUpdateAreas> 
	
    <ai>
        <updateAreas>
            <updateArea startNode="tipOcclusionUpdateArea1Start" endNode="tipOcclusionUpdateArea1End" />
        </updateAreas>
        <obstacles>
            <obstacle node="door01_vis01" size="1 4 7" >
                <animatedObject index="1" startTime="0" endTime="0.95" />
            </obstacle>
            <obstacle node="door02_vis01" size="7 4 1" >
                <animatedObject index="2" startTime="0" endTime="0.95" />
            </obstacle>
            <obstacle node="door03_vis01" size="7 4 1" >
                <animatedObject index="3" startTime="0" endTime="0.95" />
            </obstacle>
        </obstacles>
    </ai> 
  
    <dynamicallyLoadedParts>
        <dynamicallyLoadedPart node="0" linkNode="powerSwitchInside" filename="$data/shared/assets/lights/rudolfHormann/powerSwitch.i3d" /> 	<!--Inside-->
        <dynamicallyLoadedPart node="0" linkNode="powerSwitchOutside" filename="$data/shared/assets/lights/rudolfHormann/powerSwitch.i3d" />	<!--Outside-->
    </dynamicallyLoadedParts>

 <lights>
		<!--Inside-->
        <sharedLight filename="$data/shared/assets/lights/terraLed/fluorescentTube50W.xml" linkNode="lightNode01" groupIndex="1"/>
        <sharedLight filename="$data/shared/assets/lights/terraLed/fluorescentTube50W.xml" linkNode="lightNode02" groupIndex="1"/>
        <sharedLight filename="$data/shared/assets/lights/terraLed/light150W.xml" linkNode="lightNode03" groupIndex="1"/>
        <sharedLight filename="$data/shared/assets/lights/terraLed/light150W.xml" linkNode="lightNode04" groupIndex="1"/>
        <sharedLight filename="$data/shared/assets/lights/terraLed/light150W.xml" linkNode="lightNode05" groupIndex="1"/>
		<!--Outside-->
        <sharedLight filename="$data/shared/assets/lights/terraLed/fluorescentTube50W.xml" linkNode="lightNode06" groupIndex="2"/>		
        <sharedLight filename="$data/shared/assets/lights/terraLed/fluorescentTube50W.xml" linkNode="lightNode07" groupIndex="2"/>		
        <sharedLight filename="$data/shared/assets/lights/terraLed/fluorescentTube50W.xml" linkNode="lightNode08" groupIndex="2"/>		
        <sharedLight filename="$data/shared/assets/lights/terraLed/fluorescentTube50W.xml" linkNode="lightNode09" groupIndex="2"/>		

        <realLights>
            <low>
                <light node="realLightsLow01" groupIndex="1"/>	<!--Inside-->
                <light node="realLightsLow02" groupIndex="2"/>	<!--Outside-->
            </low>
            <high>
                <light node="realLightsHigh01" groupIndex="1"/>	<!--Inside-->
                <light node="realLightsHigh02" groupIndex="2"/>	<!--Outside-->
            </high>
        </realLights>

        <group name="$l10n_action_placeableLightShed" triggerNode="lightTriggerInside">
            <sounds>
                <toggle template="lizardFloodLight" innerRadius="50" outerRadius="100" volumeScale="0.2"/>
            </sounds>
        </group>
        <group name="$l10n_action_placeableLightShed" triggerNode="lightTriggerOutside">
            <sounds>
                <toggle template="lizardFloodLight" innerRadius="50" outerRadius="100" volumeScale="0.2"/>
            </sounds>
        </group>
    </lights>  
 
<animatedObjects>
        <animatedObject saveId="door01" >
            <animation duration="3.5">
                <part node="door01_vis01">
                    <keyFrame time="0.0" translation="10.44250011 -0.99299997 11.53009987"/>
                    <keyFrame time="1.0" translation="10.44250011 -0.99299997 15.65276623"/>
                </part>
			</animation>
            <controls triggerNode="doorTrigger01" posAction="ACTIVATE_HANDTOOL" posText="action_openGate" negText="action_closeGate" />
            <sounds>
                <moving template="slidingGateMetalLoop" linkNode="door01_vis01" />
                <posEnd template="slidingGateMetalOpen" linkNode="door01_vis01" />
                <negEnd template="slidingGateMetalClose" linkNode="door01_vis01" />
            </sounds>
        </animatedObject>	
        <animatedObject saveId="door02" >
            <animation duration="3.5">
                <part node="door02_vis01">
                    <keyFrame time="0.0" translation="10.44299984 -0.99299997 11.53009987"/>
                    <keyFrame time="1.0" translation="10.44250011 -0.99299997 15.65276623"/>
                </part>
			</animation>
            <controls triggerNode="doorTrigger02" posAction="ACTIVATE_HANDTOOL" posText="action_openGate" negText="action_closeGate" />
            <sounds>
                <moving template="slidingGateMetalLoop" linkNode="door02_vis01" />
                <posEnd template="slidingGateMetalOpen" linkNode="door02_vis01" />
                <negEnd template="slidingGateMetalClose" linkNode="door02_vis01" />
            </sounds>
        </animatedObject>
        <animatedObject saveId="door03" >
            <animation duration="3.5">
                <part node="door03_vis01">
                    <keyFrame time="0.0" translation="10.44299984 -0.99299997 11.53009987"/>
                    <keyFrame time="1.0" translation="6.31299639 -0.99299997 11.53009987"/>
                </part>
			</animation>
            <controls triggerNode="doorTrigger03" posAction="ACTIVATE_HANDTOOL" posText="action_openGate" negText="action_closeGate" />
            <sounds>
                <moving template="slidingGateMetalLoop" linkNode="door03_vis01" />
                <posEnd template="slidingGateMetalOpen" linkNode="door03_vis01" />
                <negEnd template="slidingGateMetalClose" linkNode="door03_vis01" />
            </sounds>
        </animatedObject>			
    </animatedObjects> 
  
  <i3dMappings>
    <i3dMapping id="clearArea01Start" node="0>0" />
    <i3dMapping id="clearArea01Height" node="0>0|0" />
    <i3dMapping id="clearArea01Width" node="0>0|1" />
    <i3dMapping id="door01_vis01" node="0>2|0" />
    <i3dMapping id="door02_vis01" node="0>2|1" />
    <i3dMapping id="door03_vis01" node="0>2|2" />
    <i3dMapping id="indoorArea01Start" node="0>3" />
    <i3dMapping id="indoorArea01Height" node="0>3|0" />
    <i3dMapping id="indoorArea01Width" node="0>3|1" />
    <i3dMapping id="levelingArea01Start" node="0>4" />
    <i3dMapping id="levelingArea01Height" node="0>4|0" />
    <i3dMapping id="levelingArea01Width" node="0>4|1" />
    <i3dMapping id="lightNode01" node="0>5|0" />
    <i3dMapping id="lightNode02" node="0>5|1" />
    <i3dMapping id="lightNode03" node="0>5|2" />
    <i3dMapping id="lightNode04" node="0>5|3" />
    <i3dMapping id="lightNode05" node="0>5|4" />
    <i3dMapping id="lightNode06" node="0>5|5" />
    <i3dMapping id="lightNode07" node="0>5|6" />
    <i3dMapping id="lightNode08" node="0>5|7" />
    <i3dMapping id="lightNode09" node="0>5|8" />
    <i3dMapping id="powerSwitchInside" node="0>5|9" />
    <i3dMapping id="powerSwitchOutside" node="0>5|10" />
    <i3dMapping id="lightTriggerInside" node="0>5|13" />
    <i3dMapping id="lightTriggerOutside" node="0>5|12" />
    <i3dMapping id="reaLightsHigh01" node="0>5|11|0" />
    <i3dMapping id="reaLightsLow01" node="0>5|11|1" />
    <i3dMapping id="reaLightsHigh02" node="0>5|11|2" />
    <i3dMapping id="reaLightsLow02" node="0>5|11|3" />
    <i3dMapping id="testArea01End" node="0>6|0|0" />
    <i3dMapping id="testArea01Start" node="0>6|0" />
    <i3dMapping id="tipOcclusionUpdateArea1End" node="0>8|0" />
    <i3dMapping id="tipOcclusionUpdateArea1Start" node="0>8|1" />
    <i3dMapping id="occluderMesh" node="0>9|2" />
    <i3dMapping id="snowRoof" node="0>9|3|0" />
    <i3dMapping id="doorTrigger01" node="0>2|0|2" />
    <i3dMapping id="doorTrigger02" node="0>2|1|2" />
    <i3dMapping id="doorTrigger03" node="0>2|2|2" />
    <i3dMapping id="realLightsLow01" node="0>5|11|1" />
    <i3dMapping id="realLightsLow02" node="0>5|11|3" />
    <i3dMapping id="realLightsHigh01" node="0>5|11|0" />
    <i3dMapping id="realLightsHigh02" node="0>5|11|2" />
  </i3dMappings>
</placeable>
