﻿<?xml version="1.0" encoding="utf-8" standalone="no" ?>
<!-- COPYRIGHT
Mod is published under CC BY-NC-ND 4.0 License
Editing, reuploading and publishing is forbidden!
-->
<modDesc descVersion="69">
    <author>Vertex Dezign</author>
    <version>1.0.0.0</version>
    <title>
        <en>Half-Timbered Barn</en>
		<de>Fachwerkscheune</de>
    </title>
<description>
<en>
<![CDATA[This half-timbered barn can be used as a storage for your farm equipment. You can choose between a plastered or brick version.

Measurements: 24m x 22m
Price: 31,500 $
Upkeep: 50 $/Day

]]>
</en>
<de>
<![CDATA[Diede Fachwerkscheune kann als Lagerhalle für euer Farmequipment genutzt werden. Du kannst zwischen einer verputzten oder gemauertn Version wählen.

Abmessungen: 24m x 22m
Preis: 31.500 €
Unterhalt: 50 €/Tag
]]>
</de>
</description>
    <iconFilename>icon_halfTimberedBarn.dds</iconFilename>
    <multiplayer supported="true" />

    <storeItems>
        <storeItem xmlFilename="halfTimberedBarnPlaster.xml"/>
        <storeItem xmlFilename="halfTimberedBarnBrick.xml"/>
    </storeItems>
	
	<l10n>
	</l10n>
</modDesc>
