<?xml version="1.0" encoding="utf-8" standalone="no" ?>
<wheel>
    <brand>BKT</brand>
    <name>FL648</name>
    <default>
        <physics radius="0.611" width="0.5" mass="0.069" tireType="mud" frictionScale="1.60" maxLongStiffness="8" maxLatStiffness="100" maxLatStiffnessLoad="2" />
        <tire filename="wheels/FL648T/R22_5.i3d" node="0|0" maxDeformation="0.03" isCareWheel="false" tireTrackAtlasIndex="3" />
        <outerRim filename="$data/shared/wheels/rims/rim001.i3d" node="0|0" widthAndDiam="17 22" />
        <innerRim filename="$data/shared/wheels/rims/rim001.i3d" nodeLeft="2|0" nodeRight="2|1" widthAndDiam="17 22" />
    </default>
</wheel>
