﻿<?xml version="1.0" encoding="utf-8" standalone="no" ?>
<vehicle type="trailer">
    <annotation>Copyright (C) GIANTS Software GmbH, All Rights Reserved.</annotation>

    <storeData>
        <name>benne_AGRAM13t</name>
        <functions>
            <function>$l10n_function_tipper</function>
        </functions>
        <image>Store.dss</image>
        <price>13000</price>
        <lifetime>600</lifetime>
        <rotation>0</rotation>
        <brand>AGRAM</brand>
        <category>trailers</category>
        <shopTranslationOffset>0 -0.095 0</shopTranslationOffset>
        <shopRotationOffset>-1.35 0 0</shopRotationOffset>
        <vertexBufferMemoryUsage>1182560</vertexBufferMemoryUsage>
        <indexBufferMemoryUsage>176154</indexBufferMemoryUsage>
        <textureMemoryUsage>24466904</textureMemoryUsage>
        <instanceVertexBufferMemoryUsage>0</instanceVertexBufferMemoryUsage>
        <instanceIndexBufferMemoryUsage>0</instanceIndexBufferMemoryUsage>
    </storeData>
	
    <base>
        <typeDesc>$l10n_typeDesc_tipper</typeDesc>
        <filename>Agram.i3d</filename>
        <size width="3.5" length="12" lengthOffset="0.75"/>
        <components>
            <component centerOfMass="0 0 0" solverIterationCount="10" mass="5622"/>
        </components>
        <schemaOverlay attacherJointPosition="0 0">
            <default name="DEFAULT_IMPLEMENT"/>
            <selected name="DEFAULT_IMPLEMENT_SELECTED"/>
        </schemaOverlay>
    </base>
	
	 <wheels>
	     <wheelConfigurations>
            <wheelConfiguration name="choix 1" price="0" brand="TRELLEBORG">
                <wheels>
                    <wheel filename="roue/roue1.xml" isLeft="true">
                        <physics tipOcclusionAreaGroupId="1" restLoad="1.3" repr="Gauche1"                                      forcePointRatio="0.5" initialCompression="52" suspTravel="0.15" spring="40" damper="50"/>
                    </wheel>
                    <wheel filename="roue/roue1.xml" isLeft="false">
                        <physics tipOcclusionAreaGroupId="1" restLoad="1.3" repr="Droite1"                                      forcePointRatio="0.5" initialCompression="52" suspTravel="0.15" spring="40" damper="50"/>
                    </wheel>
					 <wheel filename="roue/roue1.xml" isLeft="true" hasParticles="true">
                        <physics tipOcclusionAreaGroupId="1" restLoad="1.3" repr="Gaucheda"                                     forcePointRatio="0.5" initialCompression="52" suspTravel="0.15" spring="40" damper="50"/>
                    </wheel>
                    <wheel filename="roue/roue1.xml" isLeft="false" hasParticles="true">
                        <physics tipOcclusionAreaGroupId="2" restLoad="1.3" repr="Droiteda"                                     forcePointRatio="0.5" initialCompression="52" suspTravel="0.15" spring="40" damper="50"/>
                    </wheel>
                </wheels>
            </wheelConfiguration>
		</wheelConfigurations>
	</wheels>
	
	<lights>
       <realLights>
            <high>
                <light node="backLightsHigh" lightTypes="0" />
                <turnLightLeft node="turnLightLeftBack" />
                <turnLightRight node="turnLightRightBack" />
                <brakeLight node="brakeLightsHigh" />
            </high>
        </realLights>
		<defaultLights>
            <defaultLight shaderNode="feuxnuit" lightTypes="0"/>
			<defaultLight shaderNode="feuxnuit1" lightTypes="0"/>
        </defaultLights>

        <brakeLights>
             <brakeLight shaderNode="feuxfrein1" />
			<brakeLight shaderNode="feuxfrein" />
        </brakeLights>

        <turnLights>
            <turnLightLeft shaderNode="clignotantgauche" />
            <turnLightRight shaderNode="clignotantdroit" />
        </turnLights>
		
		<beaconLights>
            <beaconLight node="0>1|11|0|0" filename="$data/shared/assets/beaconLights/lizard/beaconLight09.xml" />                                                                           			
        </beaconLights>
		
    </lights>
	
	 <configurationSets>
        <configurationSet name="$l10n_configuration_capacityX" params="13000" isDefault="true">
            <configuration name="fillVolume"   index="1" />
            <configuration name="fillUnit"     index="1" />
            <configuration name="trailer"      index="2" />
        </configurationSet>
		<configurationSet name="$l10n_configuration_capacityX" params="15000">
            <configuration name="fillVolume"   index="2" />
            <configuration name="fillUnit"     index="2" />
            <configuration name="trailer"      index="2" />
        </configurationSet>
        <configurationSet name="$l10n_configuration_capacityX" params="18000">
            <configuration name="fillVolume"   index="3" />
            <configuration name="fillUnit"     index="3" />
            <configuration name="trailer"      index="2" />
        </configurationSet>
		<configurationSet name="$l10n_configuration_capacityX" params="19000">
            <configuration name="fillVolume"   index="4" />
            <configuration name="fillUnit"     index="4" />
            <configuration name="trailer"      index="2" />
        </configurationSet>
		
    </configurationSets>

    <attachable>
    <inputAttacherJoints>
            <inputAttacherJoint node="attacherJoint" jointType="trailerLow" attacherHeight="0.9" />
     </inputAttacherJoints>
	<brakeForce>1.6</brakeForce>
    <airConsumer usage="0.5" />
	<support animationName="moveSupport" />
	</attachable>


	 <fillUnit>
        <fillUnitConfigurations>

            <fillUnitConfiguration name="$l10n_configuration_capacityX" price="0" params="13000">
                <fillUnits>
                    <fillUnit unit="$l10n_unit_literShort" fillTypeCategories="bulk" capacity="13000" >
                        <exactFillRootNode node="exactFillRootNode" />
                        <autoAimTargetNode node="fillAutoAimTargetNode" startZ="5" endZ="0" invert="false" fillUnitIndex="1" startPercentage="25"/>
                    </fillUnit>
                </fillUnits>		
				<objectChange node="fillVolume1" scaleActive="1 1 1" scaleInactive="1 1 1"/>	
            </fillUnitConfiguration>
			
			<fillUnitConfiguration name="$l10n_configuration_capacityX" price="1500" params="15000">
                <fillUnits>
                    <fillUnit unit="$l10n_unit_literShort" fillTypeCategories="bulk" capacity="15000" >
                        <exactFillRootNode node="exactFillRootNode" />
                        <autoAimTargetNode node="fillAutoAimTargetNode" startZ="5" endZ="0" invert="false" fillUnitIndex="1" startPercentage="25"/>
                    </fillUnit>
                </fillUnits>
				<objectChange node="0>0|3|0|6" visibilityActive="true" visibilityInactive="false"/>
				<objectChange node="0>0|2" visibilityActive="true" visibilityInactive="false"/>
				<objectChange node="fillVolume1" scaleActive="1 1.201 0.985" scaleInactive="1 1 1"/>				
			</fillUnitConfiguration>
			
            <fillUnitConfiguration name="$l10n_configuration_capacityX" price="3000" params="18000">
                <fillUnits>
                    <fillUnit unit="$l10n_unit_literShort" fillTypeCategories="bulk" capacity="18000" >
                        <exactFillRootNode node="exactFillRootNode" />
                        <autoAimTargetNode node="fillAutoAimTargetNode" startZ="5" endZ="0" invert="false" fillUnitIndex="1" startPercentage="25"/>
                    </fillUnit>
                </fillUnits>
				<objectChange node="0>0|6" visibilityActive="true" visibilityInactive="false"/>
				<objectChange node="0>0|3|0|0|2" visibilityActive="true" visibilityInactive="false"/>
				<objectChange node="0>0|3|0|1|2" visibilityActive="true" visibilityInactive="false"/>
				<objectChange node="fillVolume1" scaleActive="1 1.547 0.953" scaleInactive="1 1 1"/>
            </fillUnitConfiguration>
			
			 <fillUnitConfiguration name="$l10n_configuration_capacityX" price="3000" params="19000">
                <fillUnits>
                    <fillUnit unit="$l10n_unit_literShort" fillTypeCategories="bulk" capacity="18000" >
                        <exactFillRootNode node="exactFillRootNode" />
                        <autoAimTargetNode node="fillAutoAimTargetNode" startZ="5" endZ="0" invert="false" fillUnitIndex="1" startPercentage="25"/>
                    </fillUnit>
                </fillUnits>
				<objectChange node="0>0|7" visibilityActive="true" visibilityInactive="false"/>
				<objectChange node="0>0|3|0|0|2" visibilityActive="true" visibilityInactive="false"/>
				<objectChange node="0>0|3|0|1|2" visibilityActive="true" visibilityInactive="false"/>
				<objectChange node="fillVolume1" scaleActive="1 1.547 0.953" scaleInactive="1 1 1"/>
            </fillUnitConfiguration>
			
			
        </fillUnitConfigurations>
    </fillUnit>
	
    <fillVolume>
        <fillVolumeConfigurations>
            <fillVolumeConfiguration>
                <volumes>
                    <volume node="fillVolume1" maxDelta="0.20" maxAllowedHeapAngle="18" fillUnitIndex="1" />
                </volumes>
            </fillVolumeConfiguration>
        </fillVolumeConfigurations>

        <unloadInfos>
            <unloadInfo>
                <node node="fillVolumeUnloadInfo" width="1.5" length="1.0" />            </unloadInfo>
        </unloadInfos>
        <heightNodes>
            <heightNode fillVolumeIndex="1">
                <refNode node="heightNode19" />
                <refNode node="heightNode20" />
                <node node="effectNodesBack" orientateToWorldZ="true" />
                <node node="grainNorm" baseScale="1 1 1" transAxis="0 0.9 0" scaleAxis="0 0 0" />
            </heightNode>
        </heightNodes>
    </fillVolume>
	
    <trailer>
        <trailerConfigurations>
            <trailerConfiguration>
                <trailer>
                    <tipSide name="$l10n_info_tipSideBack" dischargeNodeIndex="1">
                        <animation name="tipAnimationBack" speedScale="1.0" />
                    </tipSide>
                    <tipSide name="$l10n_info_tipSideBackGrainDoor" dischargeNodeIndex="2" >
                        <animation name="tipAnimationBackGrainDoor" speedScale="1.0" />
                    </tipSide>
                </trailer>
            </trailerConfiguration>
        </trailerConfigurations>
    </trailer>
	
    <dischargeable>
        <dischargeNode node="dischargeNodeBack" emptySpeed="1800" fillUnitIndex="1" unloadInfoIndex="1" >
            <info width="2.0" length="0.5" zOffset="-1" />
            <effects>
                <effectNode effectClass="TipEffect">
                    <effectNode effectNode="emitterShapeBack" effectClass="ParticleEffect" extraDistance="1"/>
                    <effectNode effectNode="grainNorm" materialType="unloading" materialTypeId="1" fadeTime="0.5" extraDistance="0.1" extraDistanceNode="dischargeNodeBack"/>
                </effectNode>
                <effectNode effectNode="smokeNorm" materialType="smoke" materialTypeId="1" fadeTime="0.5" />
            </effects>
        </dischargeNode>
        <dischargeNode node="dischargeNodeGrainDoor" emptySpeed="600" fillUnitIndex="1" unloadInfoIndex="1" >
            <info width="5" length="5" zOffset="-1" />
            <effects>
                <effectNode effectClass="TipEffect">
                    <effectNode effectNode="emitterShapeSmall" effectClass="ParticleEffect" />
                    <effectNode effectNode="grainSmall" materialType="unloading" materialTypeId="1" fadeTime="0.5" extraDistance="0.1" />
                </effectNode>
                <effectNode effectNode="smokeSmall" materialType="smoke"     materialTypeId="1" fadeTime="0.5" />
            </effects>
        </dischargeNode>
    </dischargeable>
	
    <cylindered>
		<movingTools>
			<!--Vérin-->
			<movingTool node="caisse" playSound="true">
				<dependentPart node="verin" />
				<dependentPart node="tenant" />
			</movingTool>
		</movingTools>
	
		<movingParts>  
			<!--Vérin-->
			<movingPart node="verin" referencePoint="0>0|12" referenceFrame="0>0|12">           
				<translatingPart node="verin1" />
				<translatingPart node="verin2" />
				<translatingPart node="verin3" />						
			</movingPart>
		     <movingPart node="tenant" referencePoint="tenantref" referenceFrame="tenantref">
            </movingPart>	
		</movingParts>
        <sounds>
            <hydraulic template="DEFAULT_HYDRAULIC_SOUND" linkNode="0>"/>
        </sounds>
    </cylindered>
	
	<dynamicallyLoadedParts>
        <dynamicallyLoadedPart node="1|0" linkNode="hydraulicIn01Adapter"  filename="$data/shared/connectionHoses/connectors.i3d" />
		<dynamicallyLoadedPart node="1|0" linkNode="hydraulicIn02Adapter"  filename="$data/shared/connectionHoses/connectors.i3d" />
    </dynamicallyLoadedParts>
	
	 <connectionHoses>
        <hose inputAttacherJointIndices="1" type="hydraulicIn"  node="hydraulicIn01"  length="1" diameter="0.02">
		    <objectChange node="hydraulicIn01Detached" visibilityActive="false" visibilityInactive="true"/>
        </hose>
		<hose inputAttacherJointIndices="1" type="hydraulicIn"  node="hydraulicIn02"  length="1" diameter="0.02">
			<objectChange node="hydraulicIn02Detached" visibilityActive="false" visibilityInactive="true"/>
        </hose>
    </connectionHoses>

    <animations>
        <animation name="moveSupport">
            <part node="bequilleN" startTime="0" duration="1" startRot="0 0 180" endRot="0 0 0" />
            <part node="bequilleNfut" startTime="0" duration="1" startTrans="0 0 0" endTrans="0 -0.282 0"  />
        </animation>
		<animation name="tipAnimationBack">
			<part node="caisse" startTime="0" endTime="15" startRot="0 0 0" endRot="-35 0 0" />	
			<part node="effectNodesBack" startTime="0" endTime="15" startRot="0 0 0" endRot="40 0 0" />
			<part node="porte" startTime="0" endTime="15" startRot="0 0 0" endRot="40 0 0" />
        </animation>
		<animation name="tipAnimationBackGrainDoor">
            <part node="trappe" startTime="0" endTime="5" startTrans="0 0 0" endTrans="0 0.308 0.033" />
			<part node="effectNodesBackGrainDoor" startTime="2" endTime="13" startRot="0 0 0" endRot="0 0 0" />
        </animation>
    </animations>

    <ai>
        <allowTurnBackward value="false"/>
        <turningRadiusLimitation radius="9"/>
    </ai>

    <i3dMappings>
        <i3dMapping id="caisse" node="0>0" />
        <i3dMapping id="porte" node="0>0|3" />
		 <i3dMapping id="trappe" node="0>0|3|0|3" />   
		
		<i3dMapping id="bequilleN" node="0>1|1" />
        <i3dMapping id="bequilleNfut" node="0>1|1|0|0" />

		
        <i3dMapping id="attacherJoint" node="0>1|7" />

        <i3dMapping id="verin" node="0>1|2" />
        <i3dMapping id="verin1" node="0>1|2|0" />
        <i3dMapping id="verin2" node="0>1|2|0|0" />
	    <i3dMapping id="verin3" node="0>1|2|0|0|0" />
		
	    <i3dMapping id="exactFillRootNode" node="0>0|5" />
	    <i3dMapping id="fillAutoAimTargetNode" node="0>0|10|0" />
		
	    <i3dMapping id="fillVolume1" node="0>0|4|0" />
	    <i3dMapping id="fillVolumeUnloadInfo" node="0>0|9|1" />
        <i3dMapping id="heightNode19" node="0>0|9|0|0" />
        <i3dMapping id="heightNode20" node="0>0|9|0|1" />
		
		<i3dMapping id="Gaucheda" node="0>1|5|1" />
		<i3dMapping id="Droiteda" node="0>1|5|0" />
        <i3dMapping id="Gauche1" node="0>1|6|1" />
        <i3dMapping id="Droite1" node="0>1|6|0" />
		
        <i3dMapping id="effectNodesBack" node="0>0|11|0" />
        <i3dMapping id="emitterShapeBack" node="0>0|11|0|0" />
        <i3dMapping id="grainNorm" node="0>0|11|0|1" />
        <i3dMapping id="smokeNorm" node="0>0|11|0|2" />
        <i3dMapping id="effectNodesBackGrainDoor" node="0>0|11|1" />
        <i3dMapping id="emitterShapeSmall" node="0>0|11|1|1|0" />
        <i3dMapping id="grainSmall" node="0>0|11|1|0" />
        <i3dMapping id="smokeSmall" node="0>0|11|1|2" />
		
        <i3dMapping id="dischargeNodeBack" node="0>1|9|0" />
        <i3dMapping id="dischargeNodeGrainDoor" node="0>1|9|1" />
		
		
		<i3dMapping id="hydraulicIn01" node="0>1|10|0" />
        <i3dMapping id="hydraulicIn01Detached" node="0>1|10|0|0" />
        <i3dMapping id="hydraulicIn01Adapter" node="0>1|10|0|0|0" />
		<i3dMapping id="hydraulicIn02" node="0>1|10|1" />
        <i3dMapping id="hydraulicIn02Detached" node="0>1|10|1|0" />
        <i3dMapping id="hydraulicIn02Adapter" node="0>1|10|1|0|0" />
		
		<i3dMapping id="backLightsHigh" node="0>1|8|3" />
		<i3dMapping id="brakeLightsHigh" node="0>1|8|0" />
        <i3dMapping id="turnLightLeftBack" node="0>1|8|1" />
        <i3dMapping id="turnLightRightBack" node="0>1|8|2" />
		
		<i3dMapping id="feuxfrein1" node="0>1|4|1|0" />
        <i3dMapping id="feuxfrein" node="0>1|4|0|0" />
		
		<i3dMapping id="feuxnuit" node="0>1|4|1|0" />
		<i3dMapping id="feuxnuit1" node="0>1|4|1|1" />
		
        <i3dMapping id="clignotantdroit" node="0>1|4|1|1" />
		<i3dMapping id="clignotantgauche" node="0>1|4|0|1" />
		
		<i3dMapping id="tenant" node="0>1|3|0" />
		<i3dMapping id="tenantref" node="0>0|3|1" />
    </i3dMappings>
</vehicle>