<?xml version="1.0" encoding="utf-8" standalone="no"?>
<modDesc descVersion="79">
    <author>JetJouberts</author>
    <version>1.0.0.0</version>

    <title>
        <en>Agram bigben 13</en>
        <de>Agram bigben 13</de>
        <fr>Agram bigben 13</fr>
    </title>
    <description>
        <en>Agram bigben 13</en>
        <de>Agram bigben 13</de>
        <fr>Agram bigben 13</fr>
    </description>

    <iconFilename>icon_Agram_13t.dds</iconFilename>
    <multiplayer supported="true"/>

	
    <storeItems>
        <storeItem rootNode="vehicle" xmlFilename="Agram_13t.xml"/>
    </storeItems>

    <brands>
        <brand name="AGRAM" title="AGRAM" image="brand.png"/>
    </brands>
</modDesc>