<?xml version="1.0" encoding="utf-8" standalone="no" ?>
<placeable type="buyingStation" xmlns:xsi="http://www.w3.org/2001/XMLSchema-instance" xsi:noNamespaceSchemaLocation="../../../../shared/xml/schema/placeable.xsd">
    <storeData>
        <name>
      	  <en>Mud Fill Station</en>
      	  <de>Schlamm-Füllstation</de>
      	  <fr>Station de remplissage de boue</fr>
      	  <es>Estación de llenado de lodo</es>
      	  <it>Stazione di riempimento del fango</it>
      	  <cz>Plnicí stanice bahna</cz>
      	  <pl>Stacja napełniania błotem</pl>
        </name>
        <functions>
            <function>$l10n_function_mudFillStation</function>
        </functions>
        <image>images/store_mudFillStation.dds</image>
        <price>5000</price>
        <dailyUpkeep>0</dailyUpkeep>
        <canBeSold>true</canBeSold>
        <showInStore>true</showInStore>
        <lifetime>1000</lifetime>
        <rotation>0</rotation>
        <brand>NONE</brand>
        <species>placeable</species>
        <category>placeableMisc</category>
        <brush>
            <type>placeable</type>
            <category>buildings</category>
            <tab>containers</tab>
        </brush>
    </storeData>

    <base>
      <filename>fillStation/mudFillStation.i3d</filename>
		  <canBeRenamed>true</canBeRenamed>
    </base>
  
    <placement useRandomYRotation="false" useManualYRotation="true" >
        <testAreas>
            <testArea startNode="testAreaStart" endNode="testAreaEnd" />
        </testAreas>
    </placement>

    <clearAreas>
        <clearArea startNode="clearAreastart" widthNode="clearAreawidth" heightNode="clearAreaheight"/>
    </clearAreas>

    <leveling requireLeveling="true" maxSmoothDistance="8" maxSlope="30" maxEdgeAngle="30">
        <levelAreas>
            <levelArea startNode="mudAreastart" widthNode="mudAreawidth" heightNode="mudAreaheight" groundType="dirt"/>
        </levelAreas>
    </leveling>	

    <indoorAreas />

    <ai>
        <updateAreas>
            <updateArea startNode="tipOcclusionUpdateAreaStart" endNode="tipOcclusionUpdateAreaEnd"/>
        </updateAreas>
    </ai>
  
    <tipOcclusionUpdateAreas>
        <tipOcclusionUpdateArea startNode="tipOcclusionUpdateAreaStart" endNode="tipOcclusionUpdateAreaEnd"/>
    </tipOcclusionUpdateAreas>

    <buyingStation node="main" supportsExtension="false">
        <loadTrigger triggerNode="mudTrigger"  fillTypes="MUD DIRT" fillLitersPerSecond="5000" infiniteCapacity="true" aiNode="loadingMapPosition"/>
        <fillType name="mud" priceScale="1"/>
        <fillType name="dirt" priceScale="1"/>
    </buyingStation>
  
    <lights>
        <group weatherRequiredFlags="NIGHT" />
        <realLights>
            <high>
                <light node="lightbar" />
            </high>
        </realLights>
    </lights>
  
    <hotspots>
        <hotspot type="LOADING" linkNode="loadingMapPosition" />
    </hotspots>
  
    <triggerMarkers>
        <triggerMarker node="loadingMapPosition" filename="$data/shared/assets/marker/markerIcons.xml" id="LOAD" />
    </triggerMarkers>
  
  <i3dMappings>
    <i3dMapping id="main" node="0>"/>
    <i3dMapping id="loadingMapPosition" node="0>0"/>
    <i3dMapping id="mudSellingSpot" node="0>1"/>
    <i3dMapping id="mudHeap" node="0>1|0"/>
    <i3dMapping id="winter" node="0>1|1"/>
    <i3dMapping id="lightbar" node="0>1|0|5"/>
    <i3dMapping id="tipCollision" node="0>2"/>
    <i3dMapping id="mudTrigger" node="0>3"/>
    <i3dMapping id="clearAreastart" node="0>4|0"/>
    <i3dMapping id="clearAreawidth" node="0>4|1"/>
    <i3dMapping id="clearAreaheight" node="0>4|2"/>
    <i3dMapping id="mudAreastart" node="0>5|0"/>
    <i3dMapping id="mudAreawidth" node="0>5|1"/>
    <i3dMapping id="mudAreaheight" node="0>5|2"/>
    <i3dMapping id="testAreaStart" node="0>6"/>
    <i3dMapping id="testAreaEnd" node="0>6|0"/>
    <i3dMapping id="tipOcclusionUpdateAreaStart" node="0>7"/>
    <i3dMapping id="tipOcclusionUpdateAreaEnd" node="0>7|0"/>
  </i3dMappings>
</placeable>